A#0,C#3876,B#1320,B#11777,G#176630,H#12610,J#230949,F#281499
A#0,C#28379,B#40552,G#2483,H#17206,J#73801,B#513785,G#25170,H#82600,J#82418,F#13856
A#0,B#56695,C#13444,B#8925,G#236819,B#255867,H#2774,I#15368,J#78345,G#96960,H#66736,J#6744,K#959462,F#329030
A#0,B#56379,C#6700,D#73672,G#78046,E#12325,F#246761,H#7503,J#73487,B#10690,G#153670,H#8425,J#10773,B#2521844,G#401705,H#7133,J#14427
A#0,B#60956,G#0,D#2229,B#4421,B#1806,C#6640,B#2787,E#673,B#20110,H#53495,I#4458,D#1736,J#3079,G#34299,H#40310,E#863,J#16198,B#262671,G#77640,H#82363,I#72361,J#11516,K#1043441,F#164287,B#86726,G#428226,H#88234,J#84669
A#0,D#6351,C#19666,B#324448,D#771,G#8708,E#12493,H#5968,J#44172,E#45064,F#3162,B#233917,G#270078,H#102552,J#40482,B#17238,G#92232,H#16842,J#71237
A#0,B#64665,B#1670,B#58291,C#262761,B#5564,G#89249,B#1837,H#9228,J#1541,G#179629,H#66550,I#12342,J#252075,F#614824
A#0,C#55791,D#112190,B#84038,E#188,B#68891,G#275781,F#65444,H#101798,J#6740,B#3194327,G#344858,H#5172,J#75145
A#0,C#68871,B#81057,B#6731,D#9468,G#2764,H#619,J#8527,F#146087,E#340153,B#189371,G#8035,H#341172,J#179317,B#1795578,G#190197,H#244416,J#16921
A#0,B#60664,B#74972,C#8568,B#2230,B#14513,D#14370,G#233395,H#1777,J#9154,E#86830,F#83664,B#92537,G#325429,H#18919,I#146655,I#6635,J#19300
A#0,B#11040,C#67489,G#4245,B#126,F#91108,H#74613,I#22478,G#2809,H#58355,B#20652,J#1805,J#3558,G#343152,H#69794,I#34635,J#54246
A#0,D#488,B#15721,E#54878,C#3950,G#2213,H#26893,I#52644,D#5921,I#12366,I#239195,E#979,J#14273,B#18186,D#57841,E#89541,B#79992,G#22702,B#140,H#16702,J#71237,G#320826,H#6474,I#3898,I#19021,J#88033,K#578923,F#101346,B#66473,G#20365,H#235150,J#49601
A#0,B#41477,B#3452,B#25622,C#4064,F#232716,G#50913,H#60063,J#91068
A#0,B#40728,D#898,B#11133,B#17525,C#1140,G#240812,H#911,B#20265,E#57577,J#13555,G#99214,H#15799,J#36595,B#716089,G#508,H#7016,J#15205,K#504454,F#1115646
A#0,C#10325,D#58807,B#4562,E#7178,B#72350,F#24335,B#66910,B#16584,G#4154,H#3649,B#224597,J#9980,G#174467,H#74473,I#10969,I#15645,I#68621,I#18245,J#256805
A#0,B#1116,B#20427,G#3886,C#1619,B#61123,H#26402,B#13,J#67213,G#255240,H#14750,J#5634,K#1297625,F#1203023
A#0,B#22065,C#62238,G#23127,H#240321,J#17261,F#74552
A#0,D#154206,B#1427,B#1895,B#122,G#1979,C#3600,B#7414,D#639,D#12072,E#59769,E#285,H#663,E#25684,I#4190,B#11928,B#53056,G#8287,B#6316,I#2479,H#2591,J#51743,J#4564,G#106965,H#240321,J#17261,B#87371,G#68839,B#4061,H#11825,J#10545,G#179849,H#230866,F#426,J#28059
A#0,C#26309,B#5457,B#20263,B#73015,G#6794,H#7948,J#59910,B#25814,F#61503,G#50067,H#293107,J#28486
A#0,D#19416,D#49729,C#6297,E#9751,B#66361,F#2464,E#258419,G#8616,B#18589,H#63280,J#9973,B#7465,G#154293,H#87960,I#24921,J#254462
A#0,D#188236,D#11961,C#58302,E#2718,E#98376,B#15283,G#96461,H#299982,J#6389,B#626337,G#146265,H#9934,J#94417,F#13002
A#0,B#9609,C#101760,B#235198,G#3804,H#66625,J#15228,F#268557
A#0,B#10583,C#2815,B#38607,B#9142,D#6157,B#18092,B#238334,B#4592,D#1557,B#550,D#1546,G#64573,H#27163,D#5388,E#56389,E#6786,J#1955,E#10857,B#12536,F#399938,E#6520,G#14115,B#22098,H#49171,B#84217,J#326,B#4889,G#17464,H#87978,J#61968,B#977350,G#76950,H#65445,J#75
A#0,B#10897,B#1746,B#5216,B#15169,B#6173,C#39992,G#34834,H#55555,J#114905,F#656136
A#0,C#230228,B#76808,G#82231,H#87350,F#12203,J#80694
A#0,C#6146,B#171078,G#84597,F#67649,H#4518,I#7304,J#5191
A#0,B#231971,D#2492,C#13247,B#2716,B#4452,G#29307,H#38059,B#22972,I#65394,I#19679,E#1310,J#63961,G#13707,H#23831,I#50053,J#18795,B#264969,G#3191,F#64143,H#3827,J#8471
A#0,B#60638,B#18857,C#65625,G#13114,B#63234,B#5677,H#18636,J#5292,B#56667,G#280322,H#73527,B#5523,I#1401,J#74285,G#52129,H#43439,I#7475,J#92285,F#336212
A#0,C#47976,D#14691,B#1711,G#0,H#7948,B#376,B#3740,J#55794,E#13768,B#82837,G#40779,B#217875,H#75232,F#7734,J#20752,G#67949,H#1277,J#12449
A#0,C#25386,B#18842,F#126499,B#15471,G#265602,H#90695,J#1690,B#88733,B#60831,G#23674,H#11390,J#60918
A#0,B#5484,C#3754,D#6948,B#62602,F#268862,G#11877,E#2567,H#65080,J#5328,B#78997,B#22524,G#63945,H#33150,I#551,J#308903
A#0,D#4925,C#19527,E#535,B#91011,G#329392,H#15237,I#82903,D#9352,E#58740,I#26525,F#66925,J#1133,B#555571,G#67200,H#73196,B#244867,J#8963,G#85709,H#83133,J#13400
A#0,B#9740,C#9834,D#39369,B#2535,B#4071,B#4554,B#6877,B#67942,G#7181,E#3998,B#5940,B#5137,B#875,H#14045,B#68751,J#22139,G#188013,H#118350,J#31964,F#594193
A#0,B#53537,C#2734,D#1534,B#950,B#105431,E#344689,G#329254,H#29609,I#230498,J#6334,B#18702,G#158976,H#15059,J#54161,K#432803,K#1728000,K#1728000,F#183849
A#0,B#10660,C#5091,B#6201,F#341926,B#18014,G#0,H#51500,I#11947,J#80278
A#0,B#12088,D#59041,B#15457,B#6463,C#72408,G#5159,H#341648,D#84227,E#98142,J#1929,B#424530,B#82144,G#97931,H#579,I#83224,E#57951,J#290603,K#159933,F#72438,B#22762,G#360969,H#76290,I#65144,J#8677
A#0,B#6232,C#1337,D#6443,E#71179,B#7721,B#81436,G#93968,B#6351,H#84753,J#21268,G#560192,H#27490,J#259986,F#149383
A#0,C#60119,B#2454,D#14434,D#2148,E#472,B#2888,F#83404,E#68614,B#6271,G#252225,H#39119,B#46023,J#84938,G#101436,H#2602,J#6020,B#696883,G#2731,H#311839,J#21781
A#0,C#10162,B#8858,G#143912,H#6023,D#5248,I#8634,J#3980,E#8570,F#400926,B#2069317,G#373461,H#65794,I#23684,I#70601,I#4284,I#83512,J#80764
A#0,B#222604,B#6362,C#23460,G#141829,D#9401,E#7401,H#73223,J#4329,F#357775,B#152194,G#94930,H#81410,J#1069
A#0,B#49068,B#8902,G#7236,C#238388,H#83459,J#91821,F#81163
A#0,B#4897,B#1641,C#4782,D#74385,E#77275,D#7770,G#2021,B#239129,H#1548,J#101120,E#13790,G#148613,H#16785,I#81801,J#4654,B#412337,G#186846,H#242576,J#101724,K#15626,K#1728000,F#1362644
A#0,C#19246,B#20494,G#217921,B#7564,H#16738,J#75438,G#176956,H#66691,B#6178,J#5901,F#16599,G#320809,H#14694,J#11879
A#0,B#61698,C#8758,B#97886,G#91678,H#394,J#5411,K#1532631,F#173671
A#0,C#56540,D#4117,F#5568,E#280,B#849,B#11085,G#174482,H#232369,J#11532,B#19772,B#49314,G#100464,H#34102,J#51376
A#0,C#61067,B#15545,B#6220,G#346351,H#61460,J#21057,F#588624
A#0,C#68,B#57191,F#7348,B#7548,B#9303,B#69166,G#340242,H#14819,J#96035
A#0,B#7629,C#865,G#65460,B#2771,H#13989,J#5380,B#163749,G#251191,H#4792,J#7931,F#68072
A#0,C#146268,B#267660,G#161043,H#73992,J#6606,B#92138,G#37270,H#290949,J#5156,K#793186,F#347357
A#0,C#4745,D#69464,F#4168,E#5229,B#348845,G#100241,H#51828,J#128,B#120323,G#321231,H#81869,J#9973
A#0,C#11775,B#61187,B#27235,G#84804,H#237617,J#10164,K#1306993,F#153146
A#0,C#8405,D#1258,B#25778,E#52705,B#88600,B#262825,B#74763,G#4919,D#19024,E#79861,H#2523,I#63884,I#6202,I#15390,J#330823,B#105348,G#62375,B#92013,H#89263,J#9903,G#1326,H#19395,J#212458,K#107364,F#759111
A#0,C#53348,B#4200,G#90951,H#2070,I#70963,D#16528,I#12497,I#53872,E#25293,I#227458,J#9553,F#172393,B#713522,G#76541,H#267900,J#59311
A#0,B#17218,C#7901,B#153318,G#19141,H#90567,J#341266,F#875098
A#0,C#4225,B#7888,F#10495,B#53237,G#4563,H#18569,I#62445,J#92262
A#0,D#137857,E#531036,C#343254,F#960604,B#1088650,G#8081,H#19488,J#62286
A#0,D#2225,D#13548,E#55557,D#1159,B#257,E#88071,C#816,G#12221,B#2871,B#6616,E#455,H#2417,B#5038,J#63150,B#13967,G#245045,H#18919,I#146655,I#6635,J#19300,B#426840,G#182147,F#8446,H#70245,J#390
A#0,B#54792,C#2506,D#16669,E#242,D#6384,B#63082,B#12262,E#11320,G#239325,H#9312,J#5619,B#64129,F#14297,G#92538,H#67188,J#13524,B#692943,G#243821,H#5701,J#10366
A#0,C#48589,D#339590,D#16832,F#2423,E#77406,E#2338,B#7561,G#244615,B#7047,H#21619,J#229330,B#25655,G#67245,H#14587,J#6139
A#0,C#14902,B#1080,D#9943,D#235514,E#100189,G#7684,E#4412,B#58155,H#24389,J#13516,G#146085,B#261928,H#4974,B#67727,J#11741,G#90492,H#9290,J#675,K#680206,F#1024750
A#0,B#5446,B#2552,B#461,B#6311,B#2252,C#58013,B#1938,B#16810,B#4627,G#0,B#65695,H#17063,D#73403,E#6433,I#2138,I#257934,J#4163,G#1817,F#3135,H#84488,B#1774,J#144073,G#88855,H#488,I#25705,J#228304
A#0,C#8442,D#19523,D#222493,E#21823,E#1256,F#323835,B#1010,G#20722,B#258656,H#5850,J#58830,G#174889,H#8393,I#93195,I#321825,I#38666,J#58208,B#1319801,G#422808,H#62813,J#16846
A#0,C#5491,B#363877,B#75686,G#80358,H#6963,J#17410,K#1183706,K#1728000,F#1399812
A#0,C#566,F#85187,D#92944,E#581851,B#2852727,G#75250,H#87350,J#92897
A#0,B#4576,C#11083,B#5264,F#64726,G#318,H#117,B#9573,J#5915,B#76197,B#72856,G#19774,H#74988,I#98,I#247491,J#15219
A#0,B#13809,G#3094,C#620,D#1435,B#71805,F#20149,H#1191,B#58469,I#24991,E#386,J#3319,G#68690,H#4528,J#12012,B#690625,G#415265,H#180769,J#332889
A#0,B#3623,D#2656,B#4391,B#250069,B#10602,E#63105,G#23261,D#13244,H#50347,J#116758,B#72597,B#5488,C#10265,G#231489,H#13932,F#2163,J#16978,E#169325,B#761826,G#4615,H#321847,J#91821
A#0,C#362,D#11304,D#4179,E#2366,D#66148,F#2557,B#12764,E#62741,B#38,E#20016,D#234051,E#4268,B#17788,G#0,H#7492,B#59194,J#20723,G#166391,H#12644,J#62890,B#1058194,B#60689,G#3701,H#20618,J#3473
A#0,B#201,D#2408,B#12553,D#50462,B#6335,E#839,C#8291,B#2791,E#983,G#67442,H#7273,I#5131,I#10736,J#6848,D#2816,F#331776,E#4520,B#173140,B#76316,G#327459,H#18182,I#787,I#8611,J#4895,B#73301,G#184289,H#73196,J#253830
A#0,C#215447,B#19839,G#243335,H#14560,J#70297,F#530576
A#0,B#1039,B#2581,B#58178,C#4419,G#16856,H#12338,B#39915,J#18654,D#70210,B#256,E#22260,F#244040,G#5377,H#23996,J#53027,B#3618,G#100025,H#87547,J#5292
A#0,C#28486,D#72329,F#13685,E#345907,B#5618,G#113,H#165572,J#66411,B#1129115,G#438662,H#106140,J#233124
A#0,C#49570,B#9781,B#6914,B#2192,B#16990,G#67427,F#461,B#235129,H#3060,B#3082,J#6206,G#166566,H#85617,J#8742
A#0,C#67353,B#276248,G#72634,H#14694,J#11879,K#1352545,F#955990
A#0,C#76175,D#9604,B#147512,G#265667,H#9312,J#5619,B#68961,E#89071,G#12932,H#67188,J#13524,B#75798,G#360066,H#70539,F#3030,J#74144
A#0,D#241433,C#11812,B#21943,G#155650,H#11614,I#11437,E#43481,J#45756,F#42276,B#2180,G#265155,H#85082,J#162295
A#0,C#10718,B#7217,B#320,B#98,B#10540,B#59766,D#77703,D#6142,F#10576,B#5412,G#249,B#768,E#3094,H#11639,B#49923,J#4704,E#105184,B#3102,G#235796,H#24302,J#75438,B#172811,G#4145,H#66691,J#12079
A#0,B#39240,B#6311,C#17064,D#68383,F#78269,E#24903,B#5920,G#7423,H#59232,J#247029,B#890872,G#319463,H#21149,J#4793
A#0,C#151994,B#256811,B#3096,G#27387,H#141727,J#174562,B#324657,F#94218,G#83413,H#9571,I#63834,J#41353
A#0,B#339944,C#1683,B#2100,F#82406,G#5259,H#85520,J#78819
A#0,B#14984,C#9361,B#75732,B#7944,G#145135,H#8425,J#10773,K#1479991,F#85962
A#0,C#24519,D#71297,E#6910,K#1649793,F#85646,B#1027315,G#181251,H#67050,J#5895
A#0,C#91148,B#7618,G#342556,H#5495,J#65991,D#14096,E#74957,B#348576,G#186795,H#76797,J#65894,K#539225,F#429906
A#0,C#9653,B#16676,B#60450,G#16471,H#10928,J#233317,D#173648,F#1185,E#95403,B#508624,G#49212,H#33028,J#8574
A#0,B#2678,B#56603,B#23275,C#596,B#3321,D#238779,E#10874,B#496,G#24613,B#44366,H#15769,J#7871,G#231931,H#29517,J#231411,K#889052,F#1527342
A#0,D#4004,B#15835,B#6697,B#51154,C#1540,E#3175,D#17616,B#98768,E#57414,B#5301,G#267,B#14310,H#236478,J#72,G#92951,H#16760,J#82751,K#1102137,B#177525,G#348932,F#23519,H#70700,J#2094
A#0,B#51775,B#77320,B#14754,B#10850,G#2669,H#706,C#53807,J#346792,B#17785,G#14271,H#147230,I#355826,J#162588,K#683508,F#24031
A#0,B#5904,B#1850,C#52869,B#9832,D#1587,G#112770,H#230866,J#28485,B#59501,E#10651,G#160783,H#46,J#17452,B#937830,K#161797,G#174762,H#451,J#7032,F#533388
A#0,C#2428,B#6,B#5085,G#71946,H#8155,J#82509,B#249578,F#15575,G#167064,H#11910,J#71816
A#0,C#229403,F#11369,B#6360,B#53122,B#24406,G#108157,H#72578,J#60709
A#0,C#197,D#1534,B#4805,D#60158,B#87509,G#8256,E#1066,B#5603,H#7193,B#1890,E#2302,J#1055,G#406524,H#88745,J#99670,B#931677,K#23613,F#147658,G#20666,H#80011,I#89977,I#267661,J#66142
A#0,C#56553,B#9809,G#14477,H#67241,J#15109,B#7032,G#266598,H#694,J#138046,F#90748
A#0,B#61699,G#0,C#5567,D#19955,H#1350,I#66429,E#17883,J#3576,F#865246,B#318709,G#23436,H#242297,J#84659
A#0,B#88129,C#539,B#564,G#5580,H#17135,J#51095,D#209,E#31604,B#163180,G#24743,H#49345,F#292,J#273797
A#0,D#10303,C#66955,E#90890,F#7197,B#503584,G#108899,H#66361,J#19830
A#0,B#64770,G#1725,C#838,H#3690,J#12012,B#67543,B#258342,B#25228,B#7210,G#63475,H#13852,J#77058,K#1199590,F#1312517
A#0,D#426,B#18843,E#5441,C#1822,D#60742,B#4374,B#492,G#9367,H#4926,B#66034,E#10647,I#5054,J#10347,B#83967,G#2070,H#242297,J#84659,F#177160
A#0,B#63907,B#3050,C#18237,F#71194,G#18428,H#58537,J#95066
A#0,B#19480,B#104832,C#6686,B#622,G#60238,H#21170,I#8402,J#80374,F#602463
A#0,B#715,B#8976,D#90,B#6987,B#3373,C#3502,E#1002,G#59694,H#8351,B#15162,J#73689,B#271337,G#89653,H#79778,J#88970,F#330874
A#0,C#32844,B#26001,B#2960,B#67625,B#7438,G#4475,H#267900,J#59311,B#24803,G#168829,H#507,J#77329,K#1020822,F#178538
A#0,B#255737,G#76439,B#4120,C#2578,H#2748,B#2779,J#1398,B#96879,G#68145,H#78009,J#5883,F#1120172
A#0,B#1732,B#16387,C#65181,B#4582,F#210,G#370185,H#54723,J#6333,D#2659,B#22975,E#52169,G#111398,H#240659,J#20476,B#606626,G#8923,H#70067,J#7175
A#0,C#21942,B#19050,B#11507,D#7893,D#44290,B#8722,F#21032,E#1413,E#2406,G#65757,H#7936,J#4943,B#72776,G#335469,B#87321,H#19846,J#7741,G#171401,H#325663,J#16652,B#89682,G#161109,H#3651,J#77402
A#0,B#74407,B#4675,D#11402,C#69504,E#72094,B#6709,G#18031,H#2070,I#70963,I#29025,I#53872,I#252751,J#9553,F#359175
A#0,B#4884,C#8460,G#2237,D#2590,B#2058,D#1542,H#2615,B#62015,E#2744,J#15023,F#9550,B#12475,G#65932,E#1787,B#2393,H#6568,B#232749,J#16302,G#91522,H#68187,J#14899,B#64665,G#30556,H#61501,I#9192,I#1008,I#27668,J#215269
A#0,C#7654,F#17774,B#69683,D#11998,G#895,H#88018,E#262669,J#58788,B#92148,G#182825,H#245930,J#22004
A#0,B#81600,C#340433,B#11151,G#63883,H#98615,J#74752,B#250189,G#7212,D#17973,H#82357,E#92832,J#60982,F#1042906,B#2069684,G#256930,H#13922,I#17734,J#57970
A#0,B#322723,C#158,G#61468,B#1491,B#2245,H#12771,J#8364,F#89859,G#84542,H#96915,J#244281
A#0,B#54132,B#8939,B#4872,B#10219,C#65082,B#14567,B#69956,G#282215,H#76335,J#8329,F#173060
A#0,B#4291,G#1702,C#4825,B#1142,H#245807,B#15646,J#373,G#92964,H#69049,F#21392,J#73799
A#0,B#6462,C#29558,F#48481,B#22259,G#242771,H#8797,J#15929,D#153997,E#523478,B#768160,G#354871,H#165958,J#12089
A#0,B#16268,B#23238,G#52495,B#274869,C#69140,B#1234,H#13569,J#56300,B#5269,G#616,H#4358,J#85933,B#10353,B#90929,F#341814,G#1600,H#71452,J#29538
A#0,C#6998,B#54725,G#169501,H#6840,J#27277,F#247493
A#0,D#75641,D#72343,C#1592,E#2562,B#2782,E#175625,G#532,B#257656,H#28982,J#56069,G#111488,H#414356,J#12335,F#615081,B#2049441,G#362141,H#78239,J#8978,B#149218,G#27191,H#53506,J#4917
A#0,B#61955,C#1724,B#2006,G#16002,F#70287,H#4955,B#212,B#102072,D#356,J#12366,E#54797,B#23336,G#56557,H#17999,I#5371,I#267462,J#69808,B#2001404,G#341172,H#20536,J#53539
A#0,D#34104,E#72946,C#5389,B#57426,B#31348,F#58244,G#268389,H#12647,J#80792
A#0,C#71005,B#14367,G#341459,F#4516,H#55337,J#8103,B#4565,G#112419,H#49647,J#7890
A#0,D#4160,B#8872,C#6297,B#8666,G#12471,H#47971,B#1926,E#6727,D#2208,E#18061,J#6337,B#245323,B#61309,D#22402,G#4720,H#76867,E#9819,J#4240,B#1180523,K#18430,G#875,B#66875,H#22244,J#67158,G#16856,H#247250,J#4389,F#8686,B#91748,G#146552,H#4242,J#29333
A#0,C#50197,B#24916,B#82486,G#119317,H#290949,F#3413,J#1743,D#108848,E#174432,B#1438064,G#24314,H#20536,J#53539
A#0,C#23037,B#2512,G#7842,B#10494,B#71982,H#657,J#13400,B#10130,G#74599,H#8211,I#71487,J#11632,F#24218
A#0,B#4606,G#82308,H#23694,I#55379,J#3736,B#5338,C#3750,G#273076,F#4379,H#60286,B#7430,I#10328,J#285,D#63482,G#34401,E#58008,H#23124,J#77832,B#433224,G#74483,H#76474,J#29112
A#0,C#56551,B#17562,B#56258,B#26632,B#834,G#239268,H#21307,B#20180,J#47000,G#168552,H#7303,J#90557,K#1032547,F#427448
A#0,B#6053,B#1465,G#3408,H#66625,J#15228,B#1587,C#8451,G#166407,H#63335,J#7506,K#1490752,F#665764
A#0,B#44768,B#356,B#4958,C#13638,B#71452,B#11368,B#11811,B#61366,G#271476,F#9233,H#57547,J#93767
A#0,B#16259,C#19676,B#218871,G#7649,D#4673,H#13794,I#50454,F#8826,J#5835,E#20591,B#1970609,G#8184,H#70834,J#12962
A#0,B#42104,B#2545,B#30282,C#4326,B#44450,G#260414,H#3863,J#17822,F#153291
A#0,C#9529,B#60099,B#15621,B#69605,G#103532,H#249532,J#10866,F#582701
A#0,C#240687,B#6221,B#78923,B#81774,B#18198,G#71911,F#20608,H#4073,J#320151
A#0,C#15255,B#20794,B#63722,B#80679,G#0,B#20937,H#257304,G#152810,B#3721,J#84168,F#32418,H#60969,J#9903,G#1326,B#444,H#18951,J#212458,G#181996,H#126869,I#42980,J#1784
A#0,C#49834,B#7638,G#8573,B#3124,F#77269,H#405,J#8078,B#84790,G#79268,H#6328,J#263929
A#0,D#2080,C#14049,B#5620,G#2710,E#68599,H#2064,B#4454,F#83335,I#12182,B#17488,B#48780,G#4377,B#7164,J#3366,H#13164,I#55379,J#3736,G#282164,H#64665,I#17758,J#285
A#0,C#12161,B#77789,G#0,H#11614,D#2043,I#9394,B#49170,J#40067,D#302591,B#3005,G#4015,B#16197,H#68885,E#9723,B#75872,J#76700,G#8910,H#94121,E#15663,J#233862,B#284519,G#82864,K#260996,H#83623,F#158615,J#32279
A#0,B#312,C#4155,B#71954,B#2774,B#280663,G#47765,H#28023,I#5068,J#73450,B#422317,G#10671,H#80989,J#9704,K#694622,F#748396
A#0,C#4229,D#19967,F#78437,E#7910,B#82086,G#80642,H#9223,J#241230,B#93538,G#94517,H#70256,J#16878
A#0,B#287,C#6329,G#81582,B#15985,H#5883,B#239208,B#18655,D#60392,J#8024,G#79756,H#10014,J#84395,F#99684,E#8302,B#863991,G#140777,H#2087,I#1104,I#27537,J#77950
A#0,D#55858,B#109,G#23031,D#10709,H#57983,B#2048,C#10163,J#73273,E#88694,E#1902,G#25363,H#311839,J#21781,B#68356,F#167653,B#262989,G#5414,H#89759,I#6138,I#65572,I#7532,I#22009,J#92308
A#0,B#69413,G#51865,C#28835,B#15082,H#16146,J#91068,F#81179,G#2359690,H#55932,J#16925
A#0,B#5070,D#53815,B#222,E#5,B#4142,C#8394,B#13133,B#264157,F#70275,G#17155,H#1410,J#54063,B#97609,B#83458,G#274479,H#74645,J#29806
A#0,B#60058,B#10561,B#235748,C#8047,D#86478,B#12726,G#0,H#329,J#6830,F#82620,E#65917,B#118405,G#425604,H#414356,J#12335
A#0,C#322533,B#4555,B#94710,G#7481,H#4612,I#47552,J#19959,B#11162,F#325263,G#14980,H#71211,J#3660
A#0,B#4638,B#242232,C#4574,G#85016,F#15733,H#57621,I#5607,I#1894,J#11851,B#13839,G#398624,H#4984,J#82140
A#0,C#19130,D#72724,B#92958,B#6751,B#61821,B#21722,E#68781,F#12665,G#250649,H#81606,I#18523,I#478,J#83005,B#771942,G#249779,H#5687,J#97625
A#0,D#78848,C#6066,B#6749,B#455,E#1234,G#414228,H#20490,J#68856,B#1199997,K#15991,G#156295,H#9587,I#14206,J#2470,F#324520
A#0,C#12823,B#9536,B#7862,B#133,B#59991,F#7950,B#14134,G#87600,B#2278,H#9895,J#72785,G#327120,H#5934,J#17985
A#0,B#739,D#9363,C#261374,D#72553,D#5301,E#69212,E#6282,G#10077,B#14032,F#54924,H#21710,J#347,B#14700,G#78049,H#230280,E#1167,B#7763,I#82631,I#8413,J#15585,G#81812,H#71752,J#81564,B#21286,G#236585,H#8623,J#12695
A#0,C#5618,B#3622,B#74777,D#69442,D#6738,G#248824,H#21149,B#1750,J#3043,E#987,E#62526,B#105202,G#2010,H#85520,J#78819,B#246876,G#104152,H#67837,I#83511,J#8150,F#27721
A#0,B#66732,B#8966,C#75830,B#12764,B#282128,G#23658,F#50174,H#9889,J#91068
A#0,B#78817,C#6481,B#19513,G#164305,H#85530,J#266242,B#82051,G#155226,H#5800,J#17622,F#671704
A#0,C#13488,B#51142,G#201495,F#228933,H#4506,J#11660,B#173844,G#70837,H#6553,J#88921
A#0,D#7118,C#6601,F#234935,B#25712,E#14020,G#241737,H#66614,J#281,B#337830,G#25101,H#83608,J#9117
A#0,B#11754,B#45721,B#15683,C#18321,G#17815,H#34949,J#18538,F#1194036
A#0,B#36914,B#7376,B#4430,C#4419,D#72246,G#14211,H#5790,I#8789,E#3778,J#92065,B#316165,G#164642,H#1338,J#9049,F#20673,B#343235,G#241752,H#85476,J#19863
A#0,D#49839,B#377,B#9972,D#5222,C#15542,G#227851,E#10957,B#659,H#82500,E#2392,I#2513,J#66635,B#11893,G#95375,F#71063,H#4772,B#246613,I#29325,I#67671,J#11104,G#248186,H#251376,J#10535
A#0,B#44986,B#566,C#2143,B#12012,B#3696,G#3181,H#57344,J#24636,F#1201697
A#0,B#3714,B#15403,B#7309,C#2196,G#62230,H#24019,D#60466,J#1592,B#20493,B#94149,F#226917,G#7487,H#94116,I#4905,E#8741,J#57894,B#1231551,G#173148,H#9475,J#223902
A#0,B#11095,D#7945,C#79616,F#154,E#1187,B#1188,G#6218,H#2055,J#78360,B#84512,B#72472,G#135660,H#202742,J#24334,B#1274788,G#8148,H#77760,J#19505
A#0,B#6748,C#8956,B#10691,B#606,B#76226,D#74054,E#4331,B#70011,G#18345,H#247866,I#23218,J#59020,K#1140032,F#68013
A#0,C#2332,B#91402,B#73624,G#882,B#9572,H#2582,F#92,I#1450,J#15919,B#422863,G#2411,H#76086,J#6262
A#0,B#21642,B#340,C#8215,B#250070,G#2068,B#12658,H#58611,J#84543,F#1069,G#21284,B#1976,B#79,H#85923,J#61968,G#21783,H#10152,J#233567
A#0,B#22696,C#8308,D#64251,E#80936,G#83258,H#8335,I#255171,J#75613,F#188401,B#1550076,G#22776,H#52921,J#19522
A#0,C#217432,B#166347,B#6671,G#88376,B#12160,F#63625,H#33537,J#254435,G#64968,H#17206,J#73801
A#0,C#64838,B#7394,B#83263,F#10533,G#3141,H#66105,I#18386,I#63438,I#14689,J#68845
A#0,B#6120,D#500,B#4116,B#56724,C#1328,B#99055,B#1486,B#3163,G#2210,H#1373,B#15734,J#47780,E#5225,G#354224,H#793,J#4505,B#156685,G#5918,H#4926,F#1873,I#79862,J#10347
A#0,B#76031,C#74818,B#70161,G#89926,H#23753,J#228056,F#280845
A#0,B#22532,C#69946,G#2207,B#7170,H#265620,J#74095,G#91434,H#6099,J#936,F#170009
A#0,B#108,C#66006,G#25048,B#65204,D#9880,E#14461,H#5903,J#228063,F#84755,G#10249,H#22763,J#52105,B#521319,G#190329,H#5267,J#72067
A#0,B#59278,C#5421,B#1216,B#34,B#5022,B#1154,D#10677,B#54876,B#2116,E#7305,G#11352,B#1601,H#65640,J#15109,B#241249,G#32381,H#694,J#138046,F#179931
A#0,D#5427,B#1504,B#4132,C#891,B#1757,E#136897,F#17119,G#100011,B#247315,H#15003,J#4155,G#166880,H#64262,J#15434
A#0,C#7728,B#11916,B#77143,G#77490,H#10006,J#7747,F#704270
A#0,C#37891,B#23013,B#1217,B#150084,F#968,G#21278,H#58816,J#370,B#25373,G#94727,H#237975,J#11606
A#0,B#223942,B#2945,G#103559,H#55555,B#92063,J#22842,C#59965,G#20636,H#236171,J#86112,F#717303
A#0,B#190019,B#95,B#6842,C#61572,B#84352,G#13623,H#8177,J#21014,B#60951,F#78035,G#20337,H#432,J#247552
A#0,C#12235,D#4762,D#244519,E#94032,B#73061,E#37369,B#54765,G#100824,H#262318,J#4155,F#73196,B#5397,G#88287,H#64262,J#15434
A#0,B#357,D#1194,B#6871,B#5030,B#3135,B#4402,B#230127,B#3514,C#10758,D#5173,B#5509,E#886,B#61913,G#18055,E#1882,F#5534,H#62398,B#1208,J#7534,B#13195,G#164977,H#249799,J#78896
A#0,B#5893,B#6689,B#71605,C#2846,B#9951,D#30765,E#222448,G#19923,H#9475,J#223902,F#111330,B#757714,G#451370,H#76570,J#95418
A#0,B#34077,C#90,G#7500,D#3219,B#7173,H#14152,E#2421,J#77800,G#91898,H#235156,J#17414,B#346339,G#261256,H#59227,J#97468,F#180809
A#0,B#23773,C#5122,B#234708,F#4976,G#98648,B#8895,H#53918,J#16846,G#167231,H#15867,J#231222
A#0,D#45522,D#3565,D#13629,E#192,B#69476,B#2918,C#6341,F#12751,E#6682,G#59852,B#24177,H#57233,J#1069,E#15325,B#1508,G#269556,H#74618,J#1262,B#263489,G#432423,H#4095,J#89098
A#0,B#53240,D#3381,E#9357,G#3899,H#47,J#260,C#15034,B#139719,G#256306,H#27287,J#86923,B#1103681,G#0,H#8797,J#15929,K#89358,F#1292113
A#0,B#235377,B#3311,C#14033,B#774,F#67257,B#10704,G#70100,H#20275,D#76573,J#330,E#346906,B#276733,G#661590,H#27490,J#259986
A#0,B#57025,D#42119,G#45553,D#1253,H#3491,E#7303,C#18790,J#57658,E#74905,F#372845,B#498561,G#6445,H#10399,J#5280,B#761023,G#116989,H#303942,J#25356
A#0,B#298751,G#342,C#390,B#3311,B#2401,H#6349,B#72828,J#5194,G#99908,H#80223,I#11604,J#14844,F#236843
A#0,B#4843,C#91618,G#1176,H#35163,J#43549,B#351646,G#182624,H#7575,J#64956,K#1041311,F#258576
A#0,C#970,B#49,B#5628,G#5256,H#73544,B#13156,J#66456,F#9768,B#10715,G#275730,H#5695,J#55021
A#0,C#17587,B#13615,G#2340,H#244790,J#20682,B#65644,F#17217,G#68608,H#24544,J#80221
A#0,B#69247,D#3553,B#8434,B#1707,G#4934,C#6374,H#232276,B#1071,D#3767,J#4450,E#72348,B#21314,G#72904,E#14641,F#10981,H#59995,J#8742,B#340686,G#192043,H#89144,J#67226
A#0,B#14768,D#20116,G#3925,D#8779,H#10616,J#212458,B#86223,B#22812,G#72961,E#79547,E#26087,H#21235,I#42980,J#1784,B#997,G#25458,H#251061,C#86554,J#151457,B#5548,G#349748,H#8150,J#13865,F#574071,B#691283,G#113025,H#89144,J#67226
A#0,C#10983,D#5879,B#63609,B#24659,G#141111,E#16944,H#30848,J#229099,F#189168,B#1040765,G#146198,H#14455,J#9546
A#0,C#5540,B#152698,B#6443,G#81984,H#13862,J#5247,K#1471366,F#75577
A#0,B#23311,C#13912,B#245525,D#13814,E#67050,G#10084,H#9446,J#4177,B#519565,G#64809,H#8923,I#96053,J#3707,B#412342,G#83030,H#90505,I#15234,J#71581,K#12155,F#1013214
A#0,C#5024,B#337737,B#6010,G#164788,H#88096,J#25678,K#1105691,K#1728000,F#593741
A#0,B#126329,C#523,B#4097,D#87291,G#8498,D#2011,E#1468,H#4023,J#5745,F#74386,E#934,B#9260,G#167419,H#3644,J#19354,B#332659,G#231143,H#6157,J#1180
A#0,B#1853,C#3001,B#65828,G#349930,H#1261,I#97510,J#10379,K#1199492,F#96773
A#0,B#7752,B#51777,G#98708,H#7674,I#17489,C#51623,B#6289,I#20956,J#88300,G#318829,H#16507,J#8364,B#163797,G#10604,H#96915,J#244281,F#1821322
A#0,C#5192,B#214,B#849,D#321,B#13813,B#7403,E#58231,F#4767,G#15299,H#67563,I#11587,B#15149,J#233931,G#94167,H#17381,J#84721,B#1020009,G#19778,H#73922,I#18985,J#62717
A#0,B#6293,B#41636,G#1309,H#488,B#4827,B#17383,I#3495,C#17133,J#211171,G#99440,B#76510,H#1786,J#12878,B#928,G#184214,H#235159,J#6421,F#362328
A#0,D#55926,C#2039,E#80992,B#392,B#938,B#100187,G#73149,F#6129,H#9209,I#6900,J#261853
A#0,B#232948,B#1353,C#18404,F#65810,G#42039,H#50398,J#10258,D#172976,E#332188,B#261214,G#352178,H#103996,J#50734
A#0,C#55611,B#6039,B#1388,B#1669,B#686,G#14048,D#67901,H#5659,B#10486,E#1219,F#78779,D#19077,J#231953,G#106616,H#85636,J#75348,E#16432,B#55806,G#283708,H#167242,J#6740,B#662895,G#30250,H#93665,J#238912
A#0,C#4064,B#11174,D#70834,E#16518,G#75140,F#265360,H#9206,J#60128,B#1224782,G#181170,H#96766,J#221685
A#0,D#249613,E#18731,B#5111,B#93922,C#73806,G#5970,H#619,J#8527,B#69842,F#98747,G#250549,H#73266,J#28608,B#674269,G#171416,H#262045,J#1390
A#0,C#42331,B#21020,B#61646,D#3924,B#27964,B#64631,B#8226,F#247768,G#15939,H#65208,B#1815,J#18949,E#803,B#8180,B#75046,G#438589,B#69945,H#957,J#8653,G#848748,H#23260,J#229521
A#0,B#50517,D#15625,B#1356,C#2707,E#18156,B#49263,G#26807,F#274905,H#46942,J#91821,B#191834,G#241114,H#15237,I#82903,I#94617,J#68058
A#0,B#133309,B#2020,B#3388,C#17327,G#102315,H#41872,J#22422,F#79868
A#0,C#58754,B#2438,B#2106,D#340572,B#5328,E#92037,G#163782,H#15357,J#3869,B#677152,G#259423,H#99226,K#66710,J#9318,F#594405
A#0,C#11636,B#2693,B#74643,B#8269,G#77370,H#76466,J#14211,K#1474348,K#1728000,F#784975
A#0,C#33773,B#72195,B#148436,D#4583,G#100861,E#338471,H#6148,J#190894,B#305747,G#258696,K#301969,H#52204,F#16969,J#78499
A#0,D#23990,B#42492,C#6574,B#18151,B#237043,B#40152,B#47106,G#598,E#4326,H#781,B#1452,J#6806,B#92007,F#85897,G#66007,H#264599,J#20621,B#681425,G#584,H#14143,J#81827
A#0,C#20772,B#752,D#59675,D#14202,F#7689,E#3091,G#62679,H#9594,J#6338,B#443244,E#53657,G#10671,H#88096,J#25678,B#1700449,G#102370,H#236171,J#86112
A#0,C#19146,B#67818,B#5152,D#9125,B#10082,B#249418,E#2570,G#90279,H#87330,J#69399,B#337279,G#271730,H#361191,J#68583,F#525477,B#2052648,G#371499,H#61784,J#2341
A#0,B#4321,B#60889,D#30448,G#84110,C#1817,H#64109,B#18872,E#252925,I#5200,J#63997,G#573,H#21524,B#5009,J#88015,G#62173,F#14906,H#4582,B#335,J#61951,G#274986,H#71031,J#19709,B#697123,G#163185,H#3890,J#325169
A#0,B#5260,C#20765,B#39648,G#96584,H#5860,J#14863,F#944208
A#0,D#14525,C#55753,F#22894,B#2101,D#63504,E#2532,G#168487,H#388,J#26188,E#244205,B#184083,G#414413,H#87966,J#17444,B#232404,G#0,H#9587,I#14206,J#2470
A#0,C#17443,F#269004,B#63692,G#189338,H#3920,J#5823,B#73865,G#361069,H#55672,J#13465
A#0,C#24716,B#4824,G#0,D#1906,E#13373,H#72681,I#24921,D#4814,J#249648,F#91080,E#94534,B#417962,G#158926,H#13474,J#5102,B#430022,G#14198,H#69658,J#83137
A#0,B#9116,B#50685,C#3701,D#13532,E#4160,G#158967,H#11484,J#5423,B#237866,D#1613,E#82190,B#2037,G#89432,H#35163,J#43549,B#613246,G#350177,H#12443,K#66718,J#5228,B#13489,G#91710,H#3695,J#61636,F#355078
A#0,B#11028,B#67836,G#3969,B#1852,H#5114,B#9640,J#1438,B#62510,C#18165,G#94943,H#244790,J#20682,F#170984
A#0,B#160196,D#20087,C#1211,B#107011,G#43814,E#19699,H#1179,I#4852,J#68120,B#352582,G#266402,H#1430,J#67466,K#795445,F#864900
A#0,C#62195,B#619,G#75976,D#2189,B#2474,E#8596,H#3976,I#76414,B#9112,I#245545,G#15500,J#4435,H#61467,J#25268,B#586234,G#87430,H#35163,J#43549,K#444053,K#1728000,K#1728000,F#442711
A#0,B#1107,B#7272,B#71438,C#4626,D#976,G#4318,H#11576,E#7424,J#61383,B#173731,G#360808,H#88857,J#10258,K#1008669,B#88060,F#4272,G#165244,H#5393,J#94441
A#0,B#742,D#467,D#25542,B#49945,C#3690,B#1083,B#79819,E#21230,G#234304,H#4407,F#3265,J#21576,E#1188,B#157269,B#16784,G#2221,H#89144,J#67226
A#0,C#58954,B#8244,G#5066,H#95094,J#224665,F#95872
A#0,B#13216,D#7228,E#54906,C#2100,B#24986,G#84259,H#253981,F#18230,J#46742,B#1823148,G#96211,H#4938,J#1632
A#0,C#9833,B#58693,F#1557,G#3622,B#4834,D#2383,B#1481,H#7417,J#5336,B#3800,B#57211,B#1304,B#16321,E#4865,G#97474,H#229437,J#6264,B#9766,G#204057,H#33028,J#8574
A#0,B#52757,B#8460,B#4503,C#69414,B#16474,D#22732,G#44911,D#3721,E#1385,B#16462,B#1845,H#240935,E#3555,J#14907,B#6224,G#142409,H#28777,I#13208,J#48257,B#372294,F#156071,G#4664,H#5907,J#96395
A#0,C#39952,B#7317,G#148,B#2342,H#5332,I#17489,B#72547,I#6321,B#62767,D#22985,J#2548,B#253069,G#65760,H#16507,J#8364,E#516375,F#344960,B#239476,G#259653,H#86224,I#24864,I#231165,J#21072
A#0,C#48930,B#6592,G#269098,D#9440,H#61591,J#19709,E#150686,B#30821,G#369620,H#32987,J#8716,K#768740,F#91118
A#0,C#2487,B#2421,G#6395,B#46737,B#21696,H#235509,B#2574,J#22782,G#83808,H#7647,I#60766,D#12500,J#6755,E#157910,B#452284,G#80923,H#507,F#2154,J#75175
A#0,B#14,D#58520,C#3507,D#9104,B#242831,E#82116,G#1572,E#10558,H#17930,J#71371,B#165459,B#262442,G#4041,H#77676,J#7172,B#171995,G#356929,H#5132,J#70003,K#171669,F#338414
A#0,C#14585,D#2326,B#751,B#62097,D#2190,D#4336,B#867,B#11206,B#715,B#6651,E#1764,B#237510,G#12526,B#4546,B#20035,H#43325,J#4226,E#16964,E#86976,G#63565,H#1338,J#9049,B#3797,F#104314,G#240987,H#75196,B#1144,I#20435,J#8585,G#151202,H#85476,J#19863,B#407694,G#172193,H#22910,I#230496,J#20446
A#0,B#659,C#2988,B#4352,B#5100,F#12076,D#54327,E#11379,B#16619,G#5006,H#5994,I#58724,J#76946,B#267007,B#106376,G#117319,H#33012,J#35096
A#0,B#17369,B#6151,B#5014,G#54998,H#6916,D#14025,C#2849,J#55728,E#28679,B#428389,G#83440,H#66535,J#93755,F#16911
A#0,B#7882,B#868,B#245340,B#3174,B#16031,B#67282,C#77902,G#7723,H#15371,J#66311,K#1638595,F#638264
A#0,C#16689,B#41284,B#17343,G#3918,H#577,J#6062,B#767,B#162524,G#273232,H#80072,J#63596,K#1078625,F#255041
A#0,B#13868,B#85583,C#322602,G#22702,B#2313,H#74257,J#95418,G#75966,H#18320,J#231419,K#1207605,F#88612
A#0,C#56598,B#628,F#8949,B#158654,B#5714,G#0,H#2602,J#6020
A#0,B#952,B#698,D#3925,B#1021,E#8011,C#15626,G#57282,B#3892,B#12466,H#7098,D#3877,J#66993,E#87589,G#77899,H#10982,J#27900,B#222903,G#174530,H#29995,J#90890,B#414058,G#150612,H#10006,J#7747,K#271281,F#315918
A#0,D#1226,E#11243,B#2613,B#23220,B#44942,C#2773,G#313232,H#67931,J#59540,B#1120236,K#170661,G#18415,H#82974,J#2955,F#433631
A#0,B#1453,D#9602,B#60294,B#1543,C#3042,E#2119,B#1635,B#2989,D#12768,B#5227,E#11305,D#6182,B#43035,E#14694,D#7318,D#233869,G#1460,F#6760,H#13103,B#6616,E#18689,B#43675,B#525,I#507,I#98241,G#5288,H#208,J#3577,J#78,B#2118,E#3180,B#56150,B#361046,G#15173,H#143427,J#28495
A#0,B#10708,C#327,B#4639,F#79781,G#85672,H#5829,J#58760
A#0,C#312875,B#91369,G#160913,H#8616,J#1838,F#336448
A#0,C#135066,D#1399,E#24707,B#429997,F#151469,B#22720,G#3287,H#237975,J#11606
A#0,B#11686,C#3491,D#5740,E#6179,B#52771,D#82349,B#3254,G#1151,H#6963,E#2432,I#8594,B#8791,I#61141,J#8402,D#96613,E#1330,G#116670,H#124010,J#8676,B#596088,F#110797,G#72917,H#7530,J#71591
A#0,D#9008,B#51725,C#8939,B#5689,B#7036,G#162503,H#251376,J#10535,E#9083,F#66335,B#262148,G#19220,H#9475,J#223902
A#0,C#5289,D#15428,F#4222,B#67960,B#2312,B#4472,E#1490,B#1244,B#9523,B#71041,G#46963,H#48856,J#268835
A#0,C#70081,B#114069,F#70405,G#4351,H#90666,J#347
A#0,C#61878,B#9339,B#7152,B#94867,G#2084,H#85520,J#78819,K#1450219,F#1494746
A#0,D#236239,E#1697,C#26669,F#174455,B#143471,G#342736,H#7558,J#81363
A#0,C#56276,B#5847,G#213,B#1889,B#5038,B#16555,H#142365,B#6177,I#16301,B#2809,G#0,H#58355,J#22457,J#3558,B#238048,G#105104,H#69794,I#34635,J#54246,F#112159
A#0,B#349,B#2087,C#238262,D#1639,B#3739,B#5018,B#9760,B#2432,D#9140,B#58706,B#1117,G#4092,E#670,H#12132,I#2037,J#8422,E#89764,B#85661,G#67477,H#6768,B#254354,I#2957,J#9536,B#74109,G#98611,H#64277,J#960,K#854622,F#785328
A#0,C#5985,B#3639,B#105488,G#71655,H#19034,J#61085,F#1209420
A#0,B#87896,C#2100,D#2951,E#10230,B#4764,B#157759,G#351191,H#17589,B#518,J#69157,G#179636,H#260904,J#60966,F#204490
A#0,C#59174,B#2601,B#42070,D#59818,G#265524,H#4887,J#84035,E#494236,B#195341,G#154518,F#15212,H#4644,I#4366,I#236757,I#8617,J#9641
A#0,C#47314,B#102366,B#253895,F#63634,G#19574,H#76867,B#2755,J#11304,G#82357,H#20462,J#41786
A#0,D#8573,C#2329,B#3668,D#80960,F#10446,E#2,E#1207,B#2279,G#21050,H#58973,I#37070,I#45483,J#22310,B#19531,B#316490,G#7253,H#65120,J#24597
A#0,D#53522,D#16541,D#1812,C#4485,E#241695,B#22919,G#65034,B#2578,H#22530,I#53743,J#5227,E#16194,E#5077,B#85466,G#60945,H#264348,J#18462,B#6003,F#141891,G#739,H#28777,I#13208,J#48257,B#88586,G#14670,H#238677,J#31639
A#0,C#46183,B#19391,D#12246,G#19391,H#34077,J#17875,E#252571,D#264516,E#321963,F#280762,B#590022,G#398214,H#141727,J#174562,B#1448136,G#106534,H#85370,J#63629
A#0,B#55637,G#362,B#2567,C#1521,H#7034,J#2619,G#361397,H#62335,J#20050,B#5441,G#432112,F#139215,H#5137,I#85105,I#8360,I#16438,J#77740
A#0,C#14065,B#86269,B#72253,B#64842,G#15973,H#75534,J#256649,B#17497,D#4142,E#6705,B#2594,B#2987,G#987,H#76290,I#65144,J#8677,F#8196,B#1797393,G#102481,H#70199,J#12119
A#0,B#63706,D#1897,D#16907,B#1632,B#206,C#1179,E#3162,B#247093,G#97213,B#68508,E#10674,H#5857,J#80863,G#97988,H#11140,J#235214,K#866688,B#611027,G#64715,H#38285,J#248489,K#765484,F#7539
A#0,C#73257,B#8703,B#65846,G#11963,H#73544,F#12188,J#67424
A#0,B#127459,D#6440,E#5111,C#89254,B#7867,B#69568,G#71160,B#1566,H#5251,J#12159,G#418111,H#16151,F#6435,J#55253
A#0,C#14478,B#5136,B#62016,G#2512,H#17243,J#76852,K#1564241,F#177832
A#0,B#182073,C#60668,B#269042,G#79274,H#9618,J#76376,F#509
A#0,C#54989,B#29205,G#9166,H#309732,J#6946,B#6898,G#165882,H#22229,J#58889,B#29077,G#311073,H#14088,J#7325,F#253978
A#0,B#4022,D#1458,D#4846,E#3971,C#2042,B#2212,B#843,E#317938,B#30933,B#62105,B#3972,G#134967,H#35896,B#1042,J#6064,F#99112,G#579104,H#7672,J#256706,B#266108,G#420469,H#9363,J#9830
A#0,B#37284,B#8638,B#2143,B#1027,D#1829,E#1338,B#7036,C#74699,G#16460,D#2647,H#92447,J#224665,B#173853,E#100707,B#72117,G#21259,F#7623,H#5607,J#246349
A#0,B#7296,B#78503,B#4771,C#141744,G#22595,F#230117,D#89610,H#24892,J#190894,E#479376,B#193376,G#262871,H#65549,J#187261
A#0,C#15623,B#12732,G#150162,H#107170,J#5472,F#232599,D#683256,E#19813,B#2503850,G#0,H#73992,J#6606
A#0,C#59400,D#661,E#15726,B#12287,B#52686,B#9215,B#9966,B#578,B#3882,G#101278,H#47971,J#35259,B#497270,G#9767,H#20462,J#41786,K#869206,F#354040
A#0,B#4399,B#13390,B#9020,C#653,G#163592,H#3651,F#5714,J#71688
A#0,C#19462,B#103216,G#305241,B#22084,F#8456,H#58614,J#669,G#172754,H#4707,J#26634
A#0,B#357,B#18247,G#0,H#16690,J#49253,C#11500,B#18691,F#64757,G#257234,H#5147,J#13627
A#0,C#132943,D#10077,E#98617,B#90455,G#64217,H#33528,J#44442,F#468052,B#487198,G#112928,H#84851,J#63172
A#0,B#51884,C#10925,G#3349,H#117,B#11979,B#1566,J#1943,B#60551,B#1350,G#106926,F#71009,H#3979,I#98,I#247491,J#15219
A#0,C#62266,F#23768,B#3045,G#86854,H#432,B#237641,J#9911,B#91110,G#69860,H#11431,I#3634,J#9361
A#0,B#7335,B#235425,C#13041,D#6157,G#60707,E#4696,B#750,B#454,H#574,B#1891,I#2007,B#3753,I#15268,J#88033,B#66101,G#8120,H#78730,J#261832,F#678631
A#0,D#14656,E#156938,B#254147,C#4203,G#360092,H#9475,J#223902,K#1134531,F#1479814
A#0,B#139618,D#17377,B#8564,D#5340,B#56051,B#4769,E#3037,C#24405,G#67048,E#73666,H#12704,J#61,B#591314,B#706815,G#10455,K#265937,H#51122,J#93035,F#90434
A#0,B#26503,D#60007,B#5611,E#3744,B#8261,C#6587,B#172393,G#331253,F#77119,H#15697,J#3347
A#0,B#61798,C#1218,B#2529,D#16620,B#2096,G#4735,H#66550,I#12342,J#252075,E#115202,B#144158,G#342602,H#75731,J#6932,F#531809
A#0,B#44578,B#5274,C#8036,B#68818,F#5488,B#16865,G#4814,H#77853,J#30958
A#0,B#1400,B#20056,B#236354,B#1785,C#900,B#8758,B#82269,G#437,H#88655,J#3685,K#1544196,K#1728000,K#1728000,F#377160
A#0,B#8382,B#65097,B#5674,C#6263,B#17343,B#56063,G#23375,H#66535,J#93755,B#360311,G#170334,H#6080,I#57716,J#5350,K#871138,F#2075029
A#0,B#8700,B#1161,B#9480,B#2031,C#231298,G#88849,H#89979,J#7611,K#1541561,F#179681
A#0,B#252090,D#911,B#15879,C#69909,E#22000,G#4823,H#55555,J#114905,B#1192264,K#338453,G#105217,H#99069,I#49198,J#4894,K#1469622,K#1728000,F#263428
A#0,D#4088,D#2635,B#60989,D#136,E#14101,E#9986,C#285,G#248923,H#3686,J#15066,F#76952,B#153860,E#133,D#15735,G#7588,H#1296,B#6821,B#63153,J#12692,E#232686,B#29180,G#56950,H#9937,J#16176
A#0,B#2,C#497,D#14454,E#47764,D#684,G#4490,F#13058,B#4033,B#4694,H#11365,I#551,D#50794,E#14029,B#80,J#244000,B#2025,E#17006,G#66827,H#18433,J#19131,B#66516,G#16174,H#62126,J#9312,B#5451,G#321779,H#24113,J#16715,B#51525,G#103739,B#64501,H#25064,J#17568,G#318844,H#16600,I#85195,J#54464
A#0,C#50212,B#24958,B#331064,B#9883,G#62569,F#558,H#15328,J#10545
A#0,B#1666,C#45146,G#18013,B#1799,B#1629,H#70830,B#10866,B#3917,J#70613,F#10454,G#69105,H#23932,J#261217,B#144253,G#735,H#2087,I#1104,I#27537,J#77950
A#0,B#4229,C#15890,D#42562,D#125,B#323,B#23444,G#67949,E#4134,H#8020,I#1542,J#15919,E#60457,B#266420,G#98397,F#63895,H#12191,J#6262,B#1635032,G#5017,H#78805,J#4430,B#874211,G#249226,H#66172,J#112484
A#0,C#7769,B#1077,G#0,H#55651,J#8342,B#13973,B#65570,D#7262,B#13565,E#11337,D#63354,E#16228,B#235904,F#2728,G#22945,H#71200,J#10619,B#182858,G#617368,H#304625,J#5369,B#77735,G#4548995,H#312408,J#83
A#0,B#6376,C#2585,B#60072,F#3141,B#15797,B#88414,G#2945,B#14247,H#70006,I#259389,J#12435,G#64224,H#10085,J#470,B#3639,G#168748,H#12173,J#72785
A#0,B#14284,B#2675,C#7625,B#63616,G#10219,H#9333,J#83951,F#1024761
A#0,C#6121,F#6999,B#16531,B#68664,B#398,G#15085,B#62315,H#10263,J#60709,G#257152,H#3863,J#17822
A#0,B#6953,B#4567,B#3483,B#7881,G#26191,B#35347,H#1910,B#8370,B#4277,B#3125,C#11296,J#52908,B#5583,D#257682,G#15909,E#70323,H#13045,J#7071,B#154192,G#426353,H#84254,J#20931,K#619749,F#1805736,B#162924,G#264639,H#73266,J#28608
A#0,D#8505,C#56451,E#19576,K#1708424,B#349249,F#13044,G#81075,H#68219,J#8773
A#0,C#34229,B#8039,G#8141,H#65375,F#7237,J#14131,B#3265,G#84820,H#67348,I#271839,J#77182
A#0,B#11265,D#57230,D#9016,G#12082,E#1823,C#2134,B#65095,B#12075,H#6214,E#7502,J#60639,B#13387,F#250181,B#6959,G#5459,H#18461,J#44172,B#609577,G#195148,H#16842,J#71237
A#0,C#6826,B#1166,B#815,B#7191,D#294,B#80803,B#4147,E#233374,D#2606,B#16668,G#5616,B#184,B#5876,H#55724,J#2341,E#96577,B#10293,G#75275,F#11838,H#1837,J#60572
A#0,B#18207,C#117292,G#80647,H#691,I#6858,J#342008,B#253453,G#121788,H#115400,F#4168,I#85210,J#5983
A#0,C#19259,B#320142,B#11780,G#10590,H#1410,J#54063,F#35355,B#156653,G#263538,H#74645,J#29806
A#0,B#106226,C#1740,D#85420,E#237059,G#20371,H#74645,B#2263,J#27543,B#42818,G#113553,H#64547,J#4013,F#16595
A#0,D#45157,D#15610,C#6871,E#158421,E#252724,B#271732,G#435296,H#93896,B#9697,J#54483,K#455351,F#61895,G#85469,H#8479,J#454
A#0,B#78900,D#12897,B#7357,C#4393,B#3809,B#77769,B#8064,G#236909,E#14689,H#66461,F#1267,J#13290,B#782226,G#7348,H#11390,J#60918
A#0,B#21597,G#20140,C#38108,H#6732,I#94436,I#72570,J#10870,F#1102
A#0,D#70146,C#2711,E#17827,B#95833,B#57865,B#278860,G#170135,H#80011,I#89977,I#267661,J#66142,K#603689,F#22479
A#0,D#5602,B#1879,B#9963,C#545,G#3791,F#4978,D#319811,H#88568,J#188,B#2867,E#20091,G#33684,H#37654,J#12826,E#152316,B#548642,G#401829,H#3732,J#26528,B#857881,G#235500,H#4984,J#82140
A#0,D#2169,B#2500,C#726,E#241767,G#92220,H#7775,B#81444,J#9119,F#154462,D#24438,G#244399,H#1977,B#1965,E#4318,B#62753,J#1722,B#109447,G#58459,H#25500,J#1409
A#0,C#88604,B#20873,G#94588,H#136637,J#11610,F#685420
A#0,B#60002,G#167,H#4295,B#3196,C#6595,J#8865,F#8493,B#52766,B#13226,G#334934,H#7637,J#11236
A#0,B#392,B#4885,B#9522,B#540,G#3836,B#3363,C#8319,B#56007,H#2974,I#99971,G#70645,J#10530,H#13164,I#55379,J#3736,F#351833
A#0,B#36977,D#247831,G#78633,H#157906,C#1735,E#18096,J#320626,F#2702,B#1475258,G#25813,H#65844,J#10657
A#0,C#15766,B#66424,G#14857,B#81742,H#13352,F#221859,J#2806,G#104923,H#73681,J#1404,B#102282,G#85646,H#13230,J#246349
A#0,B#640,C#5244,B#15036,F#11578,B#229109,B#22150,G#65232,B#234,H#56,J#6740,B#8435,G#190882,H#65756,J#226
A#0,C#61944,B#16113,B#15796,B#52753,B#108656,G#61202,H#258686,J#112292,F#169173
A#0,C#43332,B#6734,G#14335,H#11390,B#56865,J#4053,B#6096,B#273831,G#142786,H#15408,B#6506,J#1738,G#416249,H#93652,J#94829,K#583528,K#1728000,F#1312730
A#0,B#4016,B#1973,D#3966,G#246865,H#6600,B#6313,C#55299,E#1838,F#6646,I#11337,J#7982,G#85081,H#60837,I#4876,J#17486,B#588280,G#308198,H#112611,I#9430,J#9573
A#0,B#7113,B#15472,D#2932,E#697,C#4692,B#65669,B#11488,G#5247,D#5028,H#68168,B#8879,J#244951,G#85709,E#9933,B#7234,H#65966,J#13400,G#84729,H#8211,B#65210,I#6277,J#11632,G#342908,F#71646,H#1272,J#81803
A#0,B#49238,C#6900,G#17627,B#4498,B#58115,H#25365,J#61968,G#21783,H#10152,J#233567,F#13637
A#0,C#226430,B#3747,B#5197,G#9679,B#11043,H#51328,J#5304,F#9733,G#160100,H#82353,J#3659
A#0,D#75368,C#8391,E#15368,B#1900,B#63014,G#179962,H#358812,J#56300,B#172407,G#368465,H#71452,J#29538,K#410782,F#1307693
A#0,C#70913,B#76816,G#98527,H#67957,J#24159,B#77868,G#327645,H#9913,J#68575,K#976540,F#259107
A#0,B#3914,B#51356,B#2402,D#103033,C#244189,G#4587,B#93995,H#224,J#2094,F#71430,E#1026,B#97137,G#72551,H#27471,J#5545
A#0,C#36513,B#1329,D#90594,B#21020,G#56819,D#258266,E#186,H#4467,J#21476,E#170509,F#68866,B#1295275,G#355465,H#12033,J#65421,B#2596901,G#8121,H#252384,J#79275
A#0,C#46536,B#4915,B#78490,B#3983,F#116012,G#2281,H#52162,J#13225
A#0,C#63461,D#2262,F#265497,B#144708,E#9866,G#4795,H#86370,J#61,B#1891433,G#5408255,H#38764,J#17397
A#0,B#433,B#10434,B#6395,G#65585,D#364,B#7622,E#10433,C#2138,B#3180,B#884,H#234020,I#15368,J#78345,G#96960,H#66736,J#6744,B#514972,G#182287,H#270816,J#64816,K#192872,F#494903
A#0,B#8704,B#9361,B#4206,B#82935,C#530,G#261551,H#65208,J#20764,K#1380477,K#1728000,K#1728000,K#1728000,F#65874
A#0,C#7722,B#11227,D#55343,G#5203,B#2018,B#3277,F#15306,H#8065,J#229330,E#80664,G#12236,H#14587,J#6139,B#576,G#229140,H#18880,J#237746,B#1475472,G#17174,H#10244,J#12287
A#0,B#120591,D#4736,B#4549,B#3460,E#4735,G#1600,D#5627,E#10399,H#49876,D#1878,E#17041,J#6349,C#61498,B#97308,G#84813,H#11484,J#5423,B#505514,G#334973,H#91737,I#80142,J#19159,K#497447,F#27137,B#172306,G#411605,H#91031,J#8252,B#417979,G#40295,H#60135,J#7871
A#0,C#1753,B#4564,B#7587,B#3643,B#256821,F#71009,G#25095,B#714,H#83351,J#7767,G#160536,H#4407,I#237752,B#14492,I#5526,I#77803,J#79677,G#98212,H#7124,J#318882
A#0,B#258,C#338399,B#978,B#7592,G#114676,D#28545,E#18557,H#94660,J#412120,B#424938,F#33141,G#176245,H#75681,J#91390
A#0,C#65647,D#87274,E#159258,B#255533,F#29914,B#62073,G#4257,H#9446,J#4177,B#169288,G#415086,H#8923,I#96053,J#3707
A#0,B#5233,C#9264,G#79197,H#26544,J#54999,B#427435,G#190751,F#17939,H#231860,J#78896
A#0,C#16668,B#76170,F#326442,G#3555,H#719,J#7142
A#0,C#162391,B#13491,B#8652,G#355435,B#1807,H#145423,G#95065,H#11061,I#249700,J#74178,J#88410,K#684778,K#1728000,F#609962
A#0,C#141066,B#4675,G#72942,B#7037,H#14487,J#93024,G#62173,H#19488,J#62286,F#21305
A#0,C#169,F#593,B#75428,D#69545,G#84588,B#640,E#21498,H#2423,J#255504,G#70947,H#88058,J#6860,B#521236,G#241089,H#27471,J#5545
A#0,B#68898,B#12146,C#13414,B#226374,G#116638,H#54427,I#1310,I#10596,F#6480,J#74991
A#0,B#18774,B#57882,C#3937,B#5083,D#183586,G#1578,H#69530,I#9997,E#5777,J#266195,B#176867,G#508406,H#93896,F#61937,J#2243
A#0,B#231415,B#16691,C#2361,B#63537,F#105040,G#2714,D#23654,H#67727,J#5939,E#405938,B#105150,G#72628,H#97983,J#1449
A#0,B#9315,C#6035,B#64944,G#252631,H#258641,I#15368,J#78345,K#1058071,F#318078
A#0,B#45522,B#7235,B#3583,C#7537,G#236966,H#96274,J#22244,K#1372516,F#328167
A#0,B#13816,B#3760,D#12410,E#5465,B#69039,B#4978,B#663,G#72687,C#10254,H#10364,J#3473,B#495459,G#21660,H#999,I#58731,J#91266,K#1046048,K#1728000,K#1728000,F#191909
A#0,C#46356,B#8949,B#15280,B#89678,G#259422,D#1913,E#72442,H#92887,J#6740,B#85145,G#403213,H#29811,F#54158,J#86614
A#0,B#237313,G#86648,H#11709,C#62684,B#24887,I#62426,J#90997,G#7054,H#252253,I#103205,J#160499,K#1026679,F#703903
A#0,B#55990,B#11974,C#9590,B#69763,G#225732,H#242972,J#134464,F#213316
A#0,D#51942,D#10564,B#9586,E#14822,C#54045,E#25442,G#7412,B#7389,H#239110,J#72307,B#15229,B#69421,G#101122,H#8135,J#64811,B#274337,G#103715,H#66361,J#165713,F#860331
A#0,B#11496,G#222236,H#4810,I#15079,I#68191,J#3601,C#9321,F#251185
A#0,B#52505,G#0,C#1963,B#4234,B#82449,H#265527,B#9735,D#3428,G#3844,H#65549,J#12912,J#174349,E#354407,B#60789,G#176635,H#19488,J#62286,F#616615
A#0,C#78473,B#246629,D#172368,G#13894,H#7936,J#4943,E#79701,F#505559,B#781302,G#360059,H#329,J#6830
A#0,C#147096,B#68463,G#6921,H#17124,D#68,J#61751,E#30059,K#1543614,B#87943,G#9847,H#67205,I#2131,J#12955,F#500945
A#0,C#5687,B#1831,D#15853,B#57415,E#25782,G#5518,B#64013,H#29652,J#238912,G#74354,H#5107,J#8258,B#157261,G#86650,H#264599,J#20621,K#672174,K#1728000,K#1728000,F#175143
A#0,C#82792,B#14974,B#70975,D#21523,B#14975,B#89227,G#14552,H#37257,J#79976,E#633191,F#241912,B#275081,G#345729,H#165572,J#66411
A#0,B#18769,B#5873,C#167892,G#3901,H#58,F#14925,J#68478
A#0,C#59066,B#3926,G#13533,H#7492,B#1639,J#78278,G#166391,H#12644,J#62890,D#30,E#1039,B#345170,G#106599,H#58816,J#370,K#869183,B#176628,G#105959,H#999,I#58731,J#91266,F#9233
A#0,C#41235,B#4954,B#6883,D#25328,G#243031,B#73643,H#15121,B#2133,J#84113,G#67532,F#14067,H#19461,J#44442,E#276815,B#3787,G#255363,H#12359,J#68188
A#0,D#64345,E#6349,B#12136,B#3762,C#5370,B#84424,G#418663,H#12113,I#334,I#61889,J#93789,F#425810
A#0,C#12757,B#15987,D#236778,E#10264,F#7575,D#988,E#81883,G#81185,H#91381,J#5939,B#74800,G#247431,H#1261,I#97510,J#10379,B#1725127,G#87213,H#61460,J#21057
A#0,B#67498,B#5528,B#73331,B#1986,C#73413,G#92710,H#6710,J#61495,F#436503
A#0,B#8281,D#250324,D#7063,C#80923,G#3254,E#2049,B#862,H#13849,E#70566,J#12185,G#85113,H#2511,J#4410,B#65986,F#21226,B#326983,G#10731,H#3270,J#62812
A#0,B#48570,G#58224,H#26956,B#1395,J#4443,B#4927,C#98374,G#295905,H#60063,J#91068,F#138213
A#0,B#49552,C#1475,D#11592,B#3320,F#2265,B#2267,B#62720,B#3289,B#2443,B#78815,G#2857,H#6840,D#4466,E#7963,D#4605,J#10243,E#241358,B#73550,E#15113,G#181030,B#61299,H#4545,J#10657,G#321459,B#2773,H#10468,J#82518,G#28999,H#56774,J#100919
A#0,B#240815,B#17122,G#80986,H#5495,D#12665,J#53326,B#80259,G#107937,C#3464,H#4926,J#233979,E#253659,B#344737,G#258537,H#26872,I#66429,J#21459,K#517402,F#86467
A#0,B#43869,G#13659,B#607,B#8615,H#233354,C#7809,J#93915,B#411,D#3168,G#1616,H#60839,J#2129,B#87259,G#54310,H#34077,J#17875,E#264930,B#151244,G#176444,H#252326,J#13692,F#91852
A#0,C#10040,D#67971,B#17218,D#644,F#81357,E#67436,E#15567,G#105319,H#227116,J#82221,B#531,G#84810,H#14014,B#89893,J#6538,G#73217,H#272790,J#74095
A#0,B#6183,B#54779,C#7341,B#11785,G#69490,H#6023,I#13882,J#3980,F#152936
A#0,B#11458,B#2130,B#70703,C#2305,G#358000,B#82901,H#1985,J#57499,B#4319,F#10438,G#97443,H#317346,J#193717
A#0,B#58611,D#8784,C#152,B#252383,D#1324,B#12309,G#14933,D#55961,H#22147,E#1711,E#5979,J#69023,E#80634,F#97552,B#3959,G#253928,H#73615,J#9502,B#764892,G#90374,H#28666,J#229330,B#7223,G#85677,H#14587,J#6139
A#0,B#9975,G#4702,C#278,B#85,B#2103,H#82976,J#77905,G#3071,B#5824,H#2527,J#88851,F#343569,G#17421,H#79778,J#88970
A#0,C#42469,B#12117,B#88414,F#626,B#1887,G#79166,H#5807,J#8932,D#328146,E#74058,B#695705,G#349610,H#15237,I#82903,I#94617,J#68058
A#0,C#5113,B#5778,B#227734,B#16094,B#954,G#99660,H#54427,I#1310,I#10596,F#14256,J#67215
A#0,B#9859,C#5451,D#5324,G#3362,H#243388,E#6922,J#75970,B#693682,G#72391,H#4879,I#2206,J#21144,K#598732,F#1189798
A#0,C#30333,B#399407,B#15711,D#67363,F#86705,G#3757,H#16785,I#81801,E#4620,J#34,B#934266,G#14412,H#60839,J#2129
A#0,B#25430,G#5051,C#2109,H#2770,I#2206,B#7413,B#10760,J#2971,F#75748,G#255928,H#7492,J#79917
A#0,B#12618,D#223047,C#23792,E#9942,B#138095,G#5710,H#2356,F#3675,I#33046,I#57811,J#92974,B#360521,G#136216,H#11053,J#2749
A#0,C#6876,D#68084,B#3684,B#7367,D#17642,D#61026,E#12646,F#892,B#240334,G#21805,H#16019,E#54620,J#17346,E#17526,B#65477,B#4345,G#1036,H#1373,J#63514,B#1820799,G#81522,H#269425,I#8033,J#63606
A#0,B#5039,B#4688,B#1848,B#8032,B#1273,B#3010,C#12636,D#59418,E#9716,D#4091,E#1412,G#243911,H#6847,B#3988,B#7581,J#55596,G#106059,H#15501,J#54627,K#1159253,B#160217,G#326074,H#10085,J#470,F#72089
A#0,B#4077,B#4970,B#9929,G#8741,H#1006,B#5552,D#62257,J#12083,E#103,C#3896,B#335969,G#85109,H#18551,J#70930,B#72368,F#16739,G#344385,H#9923,J#78647
A#0,B#4458,B#4063,B#14445,D#1881,C#1604,G#84684,E#15094,H#240372,J#2560,F#92518,B#8473,G#18559,D#31682,E#7989,H#20728,J#76868,B#417262,G#171396,H#16960,J#66812
A#0,B#71923,D#9381,G#2332,H#10900,B#6933,D#74713,J#6733,C#2265,E#13530,B#73077,G#12193,H#234681,J#71111,B#21085,G#88039,H#91977,E#317305,B#1410,J#9355,G#4528,H#73848,J#88514,B#524544,G#191459,F#1585,H#51921,J#4917
A#0,B#6541,C#12399,B#9138,B#58748,G#84894,B#14068,H#73104,I#7783,J#19981,G#327038,H#81606,I#18523,I#478,J#83005,F#154476
A#0,B#4812,G#8588,D#5575,H#7698,C#410,J#21127,E#48163,B#16182,B#70023,F#411,G#26150,H#65012,J#18732
A#0,D#67364,C#2461,B#3357,B#9622,D#8748,E#582,E#15985,G#46388,H#19524,I#4584,J#18675,D#51379,F#78250,E#20291,B#512837,B#71128,G#282030,H#78805,J#4430,B#85728,G#67118,H#33967,J#69790
A#0,B#127289,G#37778,H#54378,J#1525,C#298,F#91249
A#0,B#1304,D#5046,C#12715,E#6567,G#342083,B#987,H#70224,J#3660,G#128961,H#36820,F#11229,J#20492,B#53476,G#309983,H#45623,J#11586
A#0,C#3175,B#75511,B#8335,B#10373,B#9987,G#67373,H#3644,J#19354,F#1019875
A#0,C#4586,F#343552,B#10450,G#84768,H#8848,I#86210,J#81454
A#0,B#263572,C#54872,B#81845,F#13334,B#17376,B#64414,G#4130,B#17127,H#1907,J#61085,G#358427,H#68567,J#17544
A#0,B#4521,D#5304,G#74700,C#12252,E#4319,D#7419,B#68671,H#1352,E#12048,J#80856,B#3262,G#231996,H#6689,J#3840,F#86704,B#191595,G#86029,H#316960,I#21207,J#1943
A#0,B#312928,G#8044,H#9913,B#7104,J#61471,C#16155,F#72308,G#87261,H#24733,J#333509
A#0,C#9618,B#24998,B#9425,D#215505,E#92171,G#100124,H#7948,J#59910,K#1217919,B#356595,G#155584,H#15886,J#10545,K#1192990,F#1301390
A#0,B#4932,B#71377,G#3306,C#23716,H#53988,J#203,B#20709,B#2058,B#173074,G#356177,H#71076,J#5531,K#1045184,F#86937
A#0,C#20429,B#2203,B#11812,F#2286,G#9983,H#62364,J#16579,B#419507,G#96795,H#8805,J#79782
A#0,B#62312,C#9053,G#343407,B#18942,H#67579,J#38563,G#60123,H#8805,J#79782,K#1110799,K#1728000,F#1210843
A#0,C#41142,D#20306,B#9472,E#54707,B#89009,G#100815,H#253352,F#5649,B#3488,J#6749,G#157445,H#18839,J#5962,B#1113606,G#143778,H#1338,J#9049
A#0,C#28571,B#399070,D#24491,E#71080,G#78280,H#14893,I#21914,B#48364,I#16277,G#72906,H#10054,J#6742,F#4009,I#264108,J#141172,B#1296219,G#12781,H#12359,J#68188
A#0,B#61552,G#4251,B#10608,H#9248,B#503,C#2564,I#1299,B#227960,I#8797,B#677,I#7940,J#9641,G#72218,H#19734,J#52395,F#445240
A#0,B#3453,C#951,B#61299,D#10739,D#15203,B#3497,E#7971,D#314103,G#8418,H#23161,J#11915,E#45677,E#18060,F#89829,B#89746,B#2582,B#319812,G#21300,H#144,J#83108
A#0,B#156017,G#4549,C#19396,H#66144,J#8336,B#21772,G#228300,H#37223,J#227042,F#1401935
A#0,B#235614,B#19757,B#60974,G#24231,H#3215,B#1998,C#82627,J#6623,F#66270,G#90226,H#270816,J#64816
A#0,C#58390,B#19842,G#6689,B#8759,H#228858,J#10164,D#6958,E#5901,B#58522,G#114331,H#65108,J#88822,F#426709
A#0,B#77382,C#4750,G#351668,D#42,D#5825,E#850,D#7501,E#8248,H#52730,I#21579,J#8585,E#51875,B#90602,G#8725,F#77267,H#8209,J#19863,B#601742,G#343214,H#65375,J#21368,B#428197,G#172739,H#2770,J#78287
A#0,B#41028,C#2503,B#84031,G#24878,B#2733,H#14278,B#70322,I#80909,B#2494,J#57329,G#8987,B#256974,H#23285,J#89010,G#78250,H#66361,J#19830,F#418408
A#0,B#12389,D#2945,C#10653,B#10745,G#0,B#54702,H#25807,J#68368,E#343188,G#85918,H#5238,B#631,J#8432,B#20973,F#46443,G#450475,H#65208,J#20764
A#0,B#47844,B#11685,B#3492,C#7007,G#34568,H#49104,I#6948,B#4290,I#60268,D#2897,I#13186,F#2204,J#2602,G#270706,H#57709,J#14849,E#11191,B#1091511,G#4390,H#81150,J#14557
A#0,B#5253,C#4770,B#13471,G#476,H#238650,J#9288,F#170482
A#0,B#12550,B#574,D#5920,C#883,B#55987,D#7109,E#105191,E#252988,G#11647,F#2343,H#50422,J#21841,B#73245,B#17502,G#165467,H#9984,I#244725,I#100419,I#66913,J#79221,B#456150,G#233149,H#262370,J#18050
A#0,B#49051,C#17350,D#4099,D#235941,B#4948,D#408,B#3076,E#10353,G#62545,E#1617,B#6536,B#2105,H#2983,B#73728,B#1067,J#7723,D#2305,E#5735,E#673,G#20286,F#50788,H#5986,B#80095,J#20824,G#380470,H#38473,B#19934,B#78289,J#735,G#357989,H#57515,B#368,I#10628,B#74966,I#1497,J#16674,G#9668,H#143356,I#262930,J#82656
A#0,C#16996,B#84471,F#84084,D#322862,G#2906,H#3732,J#26528,E#55500,B#1324514,G#80576,H#248138,J#10324
A#0,B#57207,B#4424,B#390,B#1403,D#1486,E#3646,C#63731,F#10644,B#13352,G#167748,H#237617,B#2607,J#7557,G#185712,H#65108,J#88822
A#0,B#246611,C#5458,B#3516,G#82786,B#5840,H#22183,I#5068,B#50283,J#23167,F#1037,G#60923,H#22623,J#64347
A#0,C#88641,B#9365,G#70446,H#19463,J#9410,B#73937,B#4278,D#78612,G#2826,H#10109,E#74639,J#240971,B#121215,G#169329,H#90977,I#262977,J#47794,K#441652,F#855550
A#0,D#3849,B#7978,B#56640,E#1396,C#32264,B#64906,B#17064,G#1158,H#59621,J#15641,B#1219,B#249392,B#89961,G#18815,F#64327,H#18273,J#82418
A#0,D#57396,B#11412,C#12101,B#10241,F#47474,B#693,B#26003,E#12286,G#13630,H#49104,I#6948,B#3745,I#60813,I#16083,J#4806,G#270706,B#46292,H#11417,J#14849,G#147458,H#6139,I#14699,J#92777
A#0,C#6306,F#414271,B#163689,G#174726,H#27471,J#5545
A#0,B#8396,B#2437,C#1725,B#2498,B#2737,G#85407,H#8858,B#242994,F#2406,J#66122,G#96260,H#19543,J#12299
A#0,D#5403,D#1885,B#13771,G#329272,C#18985,H#3113,E#2480,B#1374,B#63996,E#13671,I#1358,J#13333,G#80954,H#76448,B#113746,J#219155,G#13125,H#74132,J#81071,K#970044,F#2002846
A#0,D#55189,B#7080,D#12931,C#6531,B#13338,E#222476,G#89155,H#16908,F#6648,J#78933,E#180269,B#345756,G#153395,H#15810,J#70780,B#343221,G#171688,H#23694,I#55379,J#3736
A#0,C#249767,D#5381,F#78605,E#17615,B#235706,B#284280,D#52310,E#27946,G#61657,H#14455,J#90350,B#343234,G#94527,H#148155,J#13866
A#0,C#88101,B#63657,G#350714,H#84792,I#31740,J#58876,F#1124453
A#0,B#21857,B#3018,C#27292,D#241195,B#10966,B#5312,G#58377,H#29055,F#58788,J#7076,E#14351,B#6067,B#156511,D#249127,E#1309,G#35517,H#72020,J#14431,B#586841,G#555826,H#30223,J#26918
A#0,C#23751,D#44972,F#85838,E#105767,B#609473,G#325678,H#19900,J#56033
A#0,C#54238,D#589356,E#22322,F#10021,B#957116,G#11259,H#44840,I#94436,I#72570,J#10870
A#0,B#58944,B#14432,D#9258,G#22183,C#35059,H#1061,J#17184,E#503644,B#535542,G#62971,H#27163,J#70518,K#509917,F#1240565
A#0,B#5659,C#6460,B#12727,B#61,B#60368,B#6960,B#8979,B#7411,G#25489,B#33720,H#2400,J#17184,B#21247,F#392445,G#6054,H#8918,J#79031
A#0,D#4258,B#1398,C#1844,B#7048,B#69939,G#13425,B#3918,B#5987,B#55834,E#7087,H#8114,J#67600,G#274806,H#3686,J#15066,B#59455,G#194813,H#1296,J#82666,K#857260,F#335692
A#0,D#237464,B#84935,C#66233,G#134925,E#51166,F#9488,H#315431,J#5626,B#5575,G#12951,H#63591,J#116758
A#0,C#45387,B#15320,B#284382,G#38767,H#5934,J#17985,F#685103
A#0,C#224586,B#11160,B#80409,B#71548,G#5024,H#85617,J#8742,F#90863
A#0,B#9393,C#460,D#6552,E#98664,B#10738,G#66730,H#5498,J#89325,B#257248,G#1006,H#70088,J#5830,K#1116321,F#340240
A#0,C#64260,B#12684,G#61444,H#10900,B#71802,J#16577,G#101065,H#234681,J#71111,F#632337
A#0,D#4052,B#1637,B#62761,D#17036,B#12534,D#234400,B#3784,C#3067,E#74337,G#7719,E#2192,E#1725,B#10385,H#73546,J#80051,G#27450,H#65450,J#16320,F#326182,B#269227,G#994779,H#48781,I#4103,I#69515,B#88767,J#2026,G#5834808,H#134730,J#417041
A#0,D#228620,D#9998,B#20482,E#55680,C#78330,B#2505,E#3125,G#18144,B#4474,H#3554,J#82144,F#91831,G#242682,H#73615,J#9502,B#195694,G#50093,H#14205,J#5349,B#338104,G#251821,H#28666,J#229330
A#0,C#8621,B#257270,B#7007,B#1228,D#62961,D#29045,G#77561,H#7019,E#2422,D#6,E#54582,J#21421,E#71511,F#13349,B#245920,G#1505,B#16558,H#4749,J#59717,G#95363,H#11815,J#76482,B#617101,G#96463,H#229437,J#6264
A#0,B#3051,C#102771,B#245503,G#19962,H#3715,J#55351,K#1403469,F#517930
A#0,B#14925,D#11005,G#1583,C#2754,H#56257,J#1125,D#4369,E#15718,B#67422,B#4151,E#102313,G#246240,H#10399,J#5280,K#1214726,F#1286685,B#502810,G#191338,H#71752,J#81564
A#0,B#6211,B#3074,D#7544,G#21066,E#30681,H#18423,I#6948,I#64558,C#11294,I#4789,J#4806,B#429079,G#61643,B#3733,H#2406,F#11389,I#3310,J#92777,G#256844,H#100749,J#46897
A#0,B#38944,B#9840,B#59344,B#11718,C#95287,B#54299,G#16807,H#4448,I#5311,I#242625,J#17468,F#688927
A#0,B#4560,C#7699,D#2007,B#11373,B#52711,E#31979,B#40386,G#6277,H#2102,J#17351,F#951208
A#0,B#95340,C#941,B#9549,B#42102,B#12956,G#253016,H#96423,I#96075,J#73803,K#1144076,F#59385
A#0,C#4867,B#246194,B#84141,G#73769,H#6916,B#9021,B#61891,J#1690,G#351808,H#8797,J#15929,B#247249,G#362308,H#64740,I#95532,I#85764,I#8715,K#3536,J#5540,F#489691
A#0,C#6483,F#78417,D#12166,E#1095,B#14489,B#322138,G#63255,H#7936,J#19308
A#0,D#11072,B#241428,B#10323,E#9158,C#8396,G#376,H#64740,I#95532,B#602,G#84478,I#684,H#5396,I#3319,J#9076,I#45321,J#5350,B#2379,G#279780,H#66592,I#14186,I#63074,B#5726,J#17260,G#427454,H#165958,J#12089,K#358628,F#74342
A#0,B#5898,D#2601,C#2681,E#3731,G#309549,H#7936,J#19308,D#68476,F#4214,E#170872,B#443872,B#3221,G#6626,H#12338,J#58569
A#0,C#6086,B#200,B#250673,G#125587,H#34949,B#17870,J#668,G#175501,H#4927,J#20663,F#997976
A#0,B#225835,B#6071,C#1054,B#3445,B#72315,F#104802,G#2534,H#770,J#70227,D#7514,E#8118,B#522848,G#171759,H#270618,J#62949
A#0,B#40750,B#429,B#24705,C#66849,B#11088,B#1765,G#10311,H#230280,I#91561,I#8413,J#15585,F#153689
A#0,C#52105,B#4589,B#9533,B#10132,B#8541,G#108138,H#118350,B#2181,B#9913,B#8283,J#11587,B#72008,F#10544,B#64407,G#79384,H#10006,J#7747,B#338117,G#85767,H#14429,I#241,J#64525
A#0,B#18432,C#69701,D#11893,B#3492,E#62369,B#98724,G#17083,H#323214,J#18830,F#322299,B#626760,G#343714,H#420,J#67618
A#0,C#5476,B#57600,G#197671,F#76808,H#18286,J#224665,B#174165,G#193771,H#13230,J#246349
A#0,B#83127,B#79330,G#13006,C#77011,H#14965,I#3693,J#63389,F#259419
A#0,B#30,B#78404,C#16249,G#5494,H#5489,I#63821,J#11244,F#509207
A#0,B#4765,D#62499,C#1252,B#241,B#79343,E#3957,B#19094,G#19597,B#226438,H#8243,J#71111,G#109124,H#91977,J#328070,B#255588,G#363679,H#78239,J#8978,K#64321,K#1728000,F#162177
A#0,B#6908,B#5223,B#56567,B#8800,C#26018,B#239999,G#79498,H#10434,B#165,B#16180,J#59199,F#18624,G#149174,H#21868,J#326279
A#0,C#217896,B#4816,B#8330,F#1628,B#4859,G#4157,H#65631,J#18472,B#153351,G#101913,H#12848,J#241616
A#0,C#51858,B#29279,G#79281,F#56094,H#28757,J#63172,B#13534,G#262803,H#1507,I#85590,J#64027
A#0,B#36177,B#9834,B#14515,C#62810,B#15631,G#6462,H#13230,D#227319,B#154,J#18876,E#239,G#99593,H#83301,I#60277,J#17144,F#6187,B#509068,G#162436,H#249154,J#9745
A#0,D#12487,B#10019,B#1277,E#6642,C#61180,B#13795,G#354474,H#67205,I#2131,J#12955,K#1277440,F#166298,B#980093,G#157948,H#3651,J#77402
A#0,D#738,B#3192,E#955,C#11127,B#67304,B#23581,G#84187,D#13380,H#92168,B#221955,I#88484,E#1691,I#8836,G#9176,J#1372,B#13515,H#47926,F#3820,J#13026,B#91675,G#75556,H#15867,J#231222
A#0,C#7241,B#74597,G#219864,B#45880,H#66731,I#9430,J#9573,G#74644,H#6966,J#11078,K#1209237,F#79519
A#0,B#4509,C#2412,F#92239,D#49585,G#30054,H#95094,J#224665,E#8802,B#1321055,G#235903,H#249154,J#9745
A#0,C#159780,F#14614,B#6784,B#82293,B#5140,G#5022,H#55213,B#2022,J#5875,G#203486,H#224960,J#81333
A#0,D#11311,B#5219,D#16091,C#6786,F#235452,D#27544,B#5101,G#0,E#53244,E#1082,B#7777,E#14335,H#67914,I#85105,I#8360,I#16438,J#77740,B#414790,B#198080,B#1115176,G#122845,H#221914,J#6789
A#0,C#22879,B#254931,F#95276,G#267774,H#73146,I#14054,J#9333
A#0,C#7576,B#8088,G#189316,H#251061,J#238011,F#1299050
A#0,B#43857,B#3528,C#11306,B#72474,G#16327,H#80940,J#67600,F#391191
A#0,B#54214,G#7800,B#1845,H#5288,B#7950,B#4110,J#2367,C#1517,G#371399,H#54391,I#75862,J#13632,K#1212716,F#534614
A#0,B#61645,D#2568,C#889,E#7347,F#9820,G#159704,H#8155,D#327,E#6116,J#76066,B#437244,G#209014,H#288480,I#108240,J#72341,B#947781,G#185454,H#1915,J#75859
A#0,C#64419,B#8047,D#1771,B#2466,B#67587,E#1372,G#8366,B#3966,H#3970,B#3768,J#1175,B#82383,B#4804,B#68064,B#23986,G#229008,H#107167,J#7741,F#600226
A#0,B#84980,C#5769,B#170533,G#7768,F#112855,H#248336,J#68583
A#0,C#93668,D#22185,E#337274,B#186326,G#5073,H#84851,J#63172,K#1029119,F#95545
A#0,C#9846,B#1622,D#103896,E#67839,G#3733,H#12494,J#1472,B#69323,B#7873,G#373403,H#48438,I#11554,J#17905,F#58810
A#0,C#5243,B#221391,B#6320,B#823,B#125,B#88277,G#14457,H#68197,J#7747,F#15281
A#0,B#7546,B#7037,D#3316,B#415,C#1602,B#68911,B#12593,B#2949,G#2528,E#60957,H#2650,J#14658,F#857796,B#268305,G#419832,H#1544,J#76987
A#0,B#18049,C#2070,B#64498,G#104523,F#2046,H#254792,J#88581
A#0,B#2255,C#6505,G#171823,H#18979,I#67479,J#6049,F#526941
A#0,C#36356,B#15329,B#7749,G#60973,B#19238,D#65867,H#4874,J#7611,F#98607,G#90483,H#231807,I#97486,J#31213,E#38871,B#705573,G#95339,H#248645,J#99547
A#0,B#133512,B#20112,G#334937,H#17381,C#64358,F#7111,J#13252
A#0,B#48473,B#1397,C#24595,B#322197,B#7632,B#2069,B#3636,G#14898,H#57706,F#4142,J#18368,B#90335,G#411005,H#172432,J#103612
A#0,B#1231,B#349133,G#6023,D#6131,H#3792,B#10933,C#44775,J#22939,E#72970,G#15129,B#10146,H#53461,J#14658,B#242938,G#110653,H#62067,J#8283,F#6989
A#0,C#43354,D#6682,F#25908,B#74958,D#81112,E#78585,G#259960,B#27306,E#64371,H#2439,I#4905,J#66635,G#107268,H#75835,I#275938,I#67671,J#11104,B#581481,G#285402,H#9475,J#223902
A#0,B#59719,D#3982,C#17478,E#70150,G#263200,H#4720,J#15715,B#69467,B#87424,G#10210,H#577,J#6062,K#1200475,K#1728000,F#767
A#0,B#64310,B#12456,C#925,G#325807,B#22214,H#1008,J#2599,B#62973,G#90244,H#26544,J#54999,K#1138012,F#359452
A#0,D#6140,C#3662,D#10026,B#7935,E#9833,E#85718,B#54062,G#18934,H#79148,J#249602,F#203992,B#663497,B#6069,G#345798,H#94116,I#4905,J#66635
A#0,C#5748,D#8745,D#72474,D#5144,E#77090,F#10451,E#260,B#77190,E#1051,B#1873,G#15276,H#5645,J#520,B#413192,G#107605,H#4682,J#54589,B#347416,G#16601,H#81663,I#70477,J#208
A#0,B#20742,C#4694,B#1483,B#21793,B#58175,B#1447,B#17358,B#68727,G#27671,H#4612,I#47552,J#19959,D#8055,E#61257,F#957481,B#103646,G#79868,H#79148,J#249602
A#0,C#734,B#1454,F#9880,B#236843,D#14586,B#764,E#4736,G#76307,H#6066,J#9283,B#2599139,G#408402,H#6577,I#95045,J#88487
A#0,B#2678,B#2885,C#63717,B#7653,G#34,B#4106,B#809,H#2388,J#90557,B#10312,G#258750,H#62371,J#5304,K#1285716,F#10963
A#0,C#38341,B#95835,F#254234,G#109258,H#87330,B#4836,J#64563,G#132879,H#208732,J#29483
A#0,B#9612,B#7558,B#1242,B#1501,C#237401,B#78305,D#19124,G#2573,E#4673,H#8582,J#144163,B#87743,G#2746,H#249154,J#9745,K#1121192,K#1728000,F#545912
A#0,B#36914,C#18717,D#8371,B#711,E#85557,B#1199,G#72210,H#12359,J#68188,K#1479405,F#197428
A#0,B#3626,B#4639,B#22358,B#687,B#1742,C#84844,G#246650,B#5827,H#77541,J#7071,B#70046,G#83232,H#12516,J#6470,K#1218647,F#490796
A#0,B#4070,C#63710,B#22053,B#3599,G#3520,H#12338,J#58569,B#351799,G#171010,F#83320,H#4227,J#5292
A#0,B#5061,C#7855,D#230066,E#349,B#4111,G#5232,B#67388,B#6267,H#27408,B#47575,J#324,B#23984,G#118555,H#297605,J#79130,F#95409
A#0,B#2879,C#1620,B#4398,B#58879,B#7393,B#10950,G#264503,B#64538,H#3865,J#10391,B#8262,B#148574,G#18644,H#67861,J#267837,F#74557
A#0,B#1354,G#0,B#15490,D#2591,H#63876,C#1423,E#324,F#3912,J#14483,B#231158,G#86176,H#90505,I#15234,B#5025,J#66556,G#344379,H#5794,J#80796,B#12812,G#168836,H#78987,J#19331
A#0,C#71964,B#2745,B#62906,G#110230,B#60229,H#25552,J#323248,G#25974,H#65872,J#11985,K#1039259,K#1728000,F#2179273
A#0,C#447,B#8754,D#232233,E#23875,B#3979,G#173387,H#15274,J#44080,B#9082,B#103694,G#234326,H#41042,J#46110,K#792164,F#75989
A#0,B#149588,C#11122,B#12120,F#166907,B#3545,G#66634,H#23014,J#22529
A#0,B#53027,C#2148,B#4862,D#26006,B#13619,E#46568,B#15717,G#1270,B#4851,H#58756,J#14658,F#346812,G#6779,H#62067,J#8283,B#1392747,G#440139,H#61953,J#90696
A#0,B#9077,D#871,C#5371,B#237296,B#6960,G#165924,H#29448,B#51275,J#3064,E#9942,B#103172,G#259828,H#140445,I#16943,J#7479,K#696224,K#1728000,F#400308
A#0,C#59305,B#24721,G#59835,H#22705,I#69797,I#137,I#21361,J#320949,K#1208495,F#110939
A#0,D#51020,B#16879,C#11820,B#2888,E#7219,F#7107,D#52680,B#83525,G#82848,E#6062,H#23410,B#238461,J#4076,G#161454,B#19409,H#68825,J#84669,G#13958,H#2433,J#249670,B#600266,G#270883,H#69530,I#9997,J#271972
A#0,C#10488,B#75027,G#176968,H#341648,J#184298,B#86189,G#76221,H#332335,J#166929,K#288385,F#947511
A#0,B#5372,C#68489,B#9372,B#240758,G#14341,H#6600,I#81433,J#7982,K#1367514,F#1020593
A#0,B#8065,C#29766,D#54685,B#16459,E#99,B#4007,G#317828,H#7637,J#11236,B#11585,G#285177,H#210955,I#18872,J#71097,K#721963,F#1615776
A#0,C#92785,B#3583,F#4029,G#80559,H#253981,J#64972
A#0,C#7567,B#379,D#9264,E#72552,D#175021,B#1175,F#1650,G#21511,H#1006,J#79892,E#266408,B#681961,G#176350,H#63607,J#14658,B#1126425,G#419508,H#1544,J#76987
A#0,C#13486,B#219085,D#1114,B#1310,G#10459,H#793,B#3741,J#764,E#73351,D#9920,E#9443,B#54705,B#13476,G#1708,H#4926,I#81735,J#10347,B#18131,G#67906,H#242297,J#84659,B#36806,G#133843,H#87488,I#3902,J#18737,F#404830
A#0,D#5811,C#4673,E#3857,B#768339,G#343117,H#6689,J#3840,K#602158,F#278169
A#0,C#54483,B#4492,B#16039,D#72700,E#73737,G#14289,H#9223,J#241230,K#1296290,F#4562,B#92123,G#428426,H#8389,J#105296
A#0,B#492,G#5701,D#26,B#59982,H#8189,D#2027,E#3027,J#2693,D#4828,C#7135,D#57624,G#113146,B#590,H#1976,E#2158,J#3464,B#220742,E#2737,G#173209,E#4516,H#2209,J#11626,B#68251,F#103654,G#353272,H#66512,J#17503,B#607257,B#73647,G#335459,H#4810,I#15079,I#68191,J#3601
A#0,C#7102,B#26707,B#64099,G#14659,H#3215,F#73930,J#17318,D#52841,E#368180,B#612809,G#76472,H#73681,J#1404
A#0,B#17131,G#8797,H#231807,B#1068,C#2422,B#14366,I#79630,B#8475,B#4951,J#17787,G#72139,H#54466,J#9725,K#1466461,F#276179
A#0,B#57790,B#33575,G#223796,C#6247,B#2595,H#87581,D#11579,E#14389,I#70107,G#69191,J#4612,H#76798,J#1069,B#627417,F#420146,G#10618,H#4095,J#89098
A#0,B#62069,B#18494,C#11560,B#95687,G#65481,H#77853,J#30958,F#303943
A#0,D#231054,E#8918,C#2182,F#14254,B#74895,G#120418,H#60188,J#74076
A#0,C#54504,D#983,D#5211,B#19557,G#57674,D#4385,H#3173,J#81363,B#6323,B#25225,F#51539,E#8477,E#7572,B#6302,E#85109,G#255431,H#3896,J#4610,B#158283,B#23599,G#193444,H#215667,J#92095
A#0,B#30379,B#1708,B#18814,G#233827,C#8021,H#11842,I#70012,F#80226,I#18015,J#9073
A#0,C#4020,D#367954,F#66041,E#684232,B#1672965,G#149816,H#17243,J#76852
A#0,B#56279,C#4087,G#82341,B#11664,F#6104,H#801,I#62445,J#92262,G#88114,H#265038,J#7244
A#0,B#44167,C#2922,D#2002,B#251,B#2311,D#6837,B#3850,G#9488,H#233432,B#13519,I#6098,E#26217,I#48783,J#79822,G#89756,H#4522,J#11473,E#11105,B#66845,B#272273,G#70187,H#97732,I#67424,I#8370,I#8457,I#9355,J#79390,K#498501,F#15367
A#0,D#158701,B#14292,B#4467,G#0,D#59937,H#6655,E#2035,C#1934,I#10217,I#63074,J#22986,B#8869,G#418585,F#10747,E#2487,H#152724,J#12089,B#1644310,G#117963,H#37654,J#12826,B#446109,G#82988,H#80952,I#71124,I#73263,I#24880,I#264662,J#59929
A#0,B#163,B#86488,B#6791,C#7466,G#3523,H#10152,J#233567,F#181669,B#24727,G#154220,H#249116,J#7808
A#0,C#8124,B#66947,B#94927,G#83210,F#7540,H#15544,J#70773
A#0,B#6579,B#804,B#6174,B#10821,B#66452,C#72565,F#114,B#13494,G#4989,H#1373,D#1628,J#61886,B#17214,E#617,D#14615,G#327003,H#793,J#4505,E#259666,B#433465,G#150122,H#87488,I#3902,J#18737,B#438150,G#146044,H#269425,I#8033,J#63606
A#0,D#88870,B#4262,G#2488,B#963,E#21074,C#5830,H#226288,J#1481,G#164105,H#740,J#12076,B#1202,B#183751,G#238736,H#21149,J#4793,F#786517
A#0,C#8462,B#97028,D#1197,E#99694,B#66657,D#10077,E#73112,G#10316,H#3890,J#325169,B#89393,F#176069,G#2701,H#14579,J#251716
A#0,B#8773,C#3377,B#8965,D#4186,B#53848,E#3303,G#177790,B#4226,H#247548,J#16019,G#92964,H#69049,J#95191,K#954911,F#259319
A#0,B#19373,G#5709,D#425,B#1337,C#1459,H#3745,D#4181,E#6642,J#255,F#654,B#76293,G#98671,H#244790,J#20682,E#161625,B#434565,B#350,G#184908,H#73490,J#70078
A#0,C#68290,D#239,E#16770,B#62209,G#290314,H#57709,J#14849,B#65853,G#81605,H#6139,I#14699,J#92777,F#498433
A#0,B#13818,B#3581,B#58540,B#6591,G#7490,C#562,H#3731,J#9772,B#720,B#4414,B#144280,F#44286,G#62985,H#243843,J#11293
A#0,B#550,C#14521,B#23465,D#48458,G#53375,B#45762,H#3094,E#18850,J#249985,G#114309,H#46708,J#8852,F#5883,B#1381214,G#407139,H#6023,I#13882,J#3980
A#0,C#49437,B#8160,B#4415,B#4521,B#78,G#334119,H#84792,I#31740,J#58876,K#1201299,F#195759
A#0,C#3657,B#2190,F#92040,B#7571,G#263935,H#67205,I#2131,J#12955
A#0,D#226813,B#21380,C#1337,B#4788,D#15799,D#46186,D#2197,B#1109,G#26858,B#62051,E#3303,B#12398,E#2060,H#4882,J#1139,D#10847,E#69116,E#61778,G#15326,H#9223,J#241230,E#1073,B#101087,B#64193,G#21702,F#4985,B#8081,H#57190,B#1994,J#14884,G#331062,H#95124,J#77741,B#155,G#12067,H#9692,J#70863
A#0,C#67729,B#83884,B#905,B#78344,B#13102,G#823,H#75163,B#245445,I#16913,G#77483,B#5532,H#3521,J#65931,J#3158,G#164723,H#262370,J#18050,K#612653,F#324302
A#0,C#11095,B#2175,B#1109,G#2950,H#66625,J#15228,B#3208,B#160525,G#12712,H#63335,J#7506,F#260084
A#0,B#11248,C#869,B#897,B#10450,G#185967,H#63276,J#257562,F#282909
A#0,B#8126,C#32123,G#233585,H#6553,B#5747,J#83174,G#472798,H#35896,J#7106,F#76151
A#0,B#234674,D#20245,C#78838,E#74425,G#14543,H#90666,J#347,F#73585,B#599018,G#258984,H#8623,J#12695
A#0,B#59231,D#1196,B#4937,E#81966,C#2401,G#15921,H#245091,J#10743,F#349317,B#250122,G#169426,H#4938,J#1632
A#0,B#42643,B#4695,C#2679,B#74757,G#10395,H#76474,B#25811,J#3301,G#429113,H#74234,J#12403,K#1021512,K#1728000,F#250671
A#0,B#10131,D#626,C#29554,E#73406,G#411337,H#88840,J#12041,B#161429,G#17734,H#323214,J#18830,K#621169,F#300216
A#0,C#67434,B#27578,D#70503,E#175632,G#4281,H#245704,J#6268,F#121,B#71944,G#95340,H#6811,J#6300,D#415995,E#185579,B#19957,G#140994,H#280259,J#89010,B#1184817,G#6351,H#22763,J#52105
A#0,D#1413,B#61316,E#4402,C#3623,G#1798,H#13675,J#60572,B#6183,B#17105,G#255894,H#6600,I#81433,J#7982,F#255946,B#928516,G#86554,H#6966,J#11078
A#0,B#57935,B#6879,G#25652,C#59748,B#5691,H#9538,I#70748,I#24272,I#257628,I#68003,G#1812,I#15845,J#75878,H#74124,I#22478,J#87179,K#1014804,F#199300
A#0,C#5551,B#10005,D#236563,B#11639,E#15560,G#421,D#1422,E#480,H#72743,J#29806,B#167738,F#399287,G#13880,B#4234,H#61427,J#21056,G#85036,H#4004,I#72945,I#28046,J#314352
A#0,B#758,B#975,C#4111,B#17787,D#69527,G#6069,H#252326,J#13692,F#244662,E#349319,B#612337,G#43094,H#141727,J#174562
A#0,B#68014,C#1962,B#104389,G#5411,H#270618,J#62949,K#1281033,F#609212
A#0,C#237007,B#5155,G#196,H#5687,B#35275,B#42877,B#988,J#18485,G#92791,H#82758,I#81974,I#257934,J#4163,F#85135
A#0,B#10103,C#16195,B#22699,B#47995,G#80087,F#89580,B#3082,H#2332,I#95633,G#121720,J#118764,H#21880,I#94338,J#91132
A#0,B#5449,C#7893,B#2752,D#2167,B#61053,B#20335,E#11151,B#52049,G#30223,H#232369,B#1446,J#10086,B#4851,G#164699,H#34102,J#51376,F#540946
A#0,D#47609,B#258,B#16126,E#96989,G#314275,C#167740,H#22761,J#5630,B#2221,G#58915,H#106176,I#3730,I#257018,J#8556,F#684506,B#534568,G#141982,H#11634,J#74831
A#0,B#60545,G#85062,D#13869,D#1880,E#2183,C#1653,H#56889,E#6107,J#23005,B#3194,B#233416,B#187699,G#4804,H#74234,B#11423,J#980,F#16259,G#332384,H#67647,J#5328
A#0,C#7225,B#1465,B#22433,F#79300,D#23983,E#65794,G#3113,B#316,H#248800,D#7139,J#669,E#70169,B#6750,G#94339,H#65445,J#75,B#28602,G#429827,H#93576,J#52568
A#0,B#4661,D#7675,C#1130,B#340628,B#11544,G#22429,B#33533,H#1416,J#18538,B#2589,E#155363,G#17549,H#4927,J#20663,F#222340,B#90171,G#11486,H#72659,J#10066
A#0,B#55905,B#3290,C#876,G#29911,H#11140,B#230468,J#4746,B#89551,G#67839,H#7133,J#14427,F#415146
A#0,C#7655,B#89538,B#15898,B#68969,G#8762,H#332335,J#166929,F#1301702
A#0,C#7953,D#4340,B#1517,E#60134,D#86972,B#23957,G#1073,B#6620,H#63579,B#1108,E#8357,J#2654,G#331919,B#2809,H#3257,J#9283,G#247570,H#17633,I#15482,J#234974,K#604762,B#94183,G#162929,H#82629,J#269308,F#8996
A#0,B#215142,C#8744,B#3001,B#68643,B#9923,G#10912,H#93896,J#64180,B#80878,G#521837,H#8479,J#454,K#865797,F#280041
A#0,B#9161,C#11013,D#450,B#58258,E#15939,D#9370,E#8128,G#49106,B#17337,B#7702,H#239309,J#18462,G#148633,H#28777,I#13208,F#43457,J#4800,B#2332170,G#24049,H#77853,J#6068
A#0,C#5954,B#74292,B#5395,B#3134,B#10617,G#165080,H#78987,J#19331,K#1371164,F#161476
A#0,B#54865,C#16299,B#5424,G#0,H#579,B#81879,I#1345,B#4661,G#327690,J#16203,H#445,J#67859,F#1404761
A#0,C#4324,B#85433,B#279292,G#0,H#60135,J#7871,B#104756,G#127175,H#29517,J#231411,F#113551
A#0,B#3637,B#12430,G#750,H#12114,J#57892,C#20499,B#17457,G#158821,B#8974,H#235442,J#16921,G#81970,H#68868,J#6581,K#1132966,F#85699
A#0,B#46893,B#2277,B#6483,C#789,B#729,B#1245,D#2535,E#4564,B#10058,F#1186,G#73219,H#5790,I#8789,B#69953,J#25890,G#241170,H#67906,J#4226,B#2528877,G#420144,H#17135,J#51095
A#0,D#218906,C#15627,D#7324,E#55551,F#8176,B#17375,E#86190,G#6451,H#15799,J#36595,B#432999,G#2300,H#90979,J#5520
A#0,C#4545,B#351,B#4290,B#74609,B#8768,B#4982,G#9598,F#1203,H#55982,J#8177,B#96918,G#315915,H#89154,J#669
A#0,C#814,B#5606,D#51719,E#4872,G#2900,B#8388,H#228,B#1092,J#746,F#2562,B#65970,B#272290,G#77398,H#77659,J#23895,B#442385,G#142182,H#6963,I#11026,I#69932,J#8402
A#0,B#53953,B#5192,B#9791,C#1237,G#159390,H#18594,B#985,B#76137,J#252227,F#11493,G#3276,H#4408,J#144731
A#0,C#61800,B#6328,B#11966,G#84130,B#16874,B#225132,H#28191,J#79588,G#74871,H#76651,J#92766,F#534345
A#0,B#43,G#4620,D#4829,H#669,E#908,C#8989,B#52287,J#27141,B#241913,F#2359,G#13982,H#70088,J#5830
A#0,C#5661,B#15765,D#238026,F#20618,G#7172,H#165572,J#66411,E#5325,B#1131021,G#431431,H#106140,J#233124
A#0,B#239045,C#1393,D#2086,E#5611,B#85406,B#4665,G#58620,H#7133,J#14427,B#57482,G#315434,H#54391,I#75862,J#13632,F#256729
A#0,C#62575,B#1732,F#2306,B#14977,D#3779,D#68348,G#15878,E#63842,H#9354,E#26493,J#227337,B#250231,G#16740,H#8211,I#71487,J#11632,B#332268,G#10640,H#72918,J#81803
A#0,C#59705,B#11549,B#2125,G#85687,H#4780,J#64998,F#532910
A#0,D#12322,B#11388,B#56494,C#9350,B#252837,G#1665,E#83684,H#2837,F#3342,J#35221,B#2328413,G#152053,H#87547,J#5292
A#0,B#41819,G#17667,D#5718,C#3887,H#66126,J#6932,B#7798,E#161501,G#1837,H#24681,J#320151,B#179001,G#113664,H#308119,J#14264,K#523926,F#167068
A#0,B#4660,C#11042,B#230,B#323307,G#2853,H#18604,J#12131,K#1370875,F#104302
A#0,C#650,B#9172,B#58311,F#1913,B#16,B#8992,B#10675,B#240178,G#42295,H#58064,J#87713
A#0,B#3854,B#10006,B#1542,C#2944,D#68413,G#1275,B#12112,H#10798,E#228928,I#1568,J#20446,G#91217,B#111,H#65264,J#21368,G#88085,H#67348,I#271839,J#77182,K#702046,F#433656
A#0,C#25372,B#233625,B#2473,B#23686,G#232966,H#4242,J#29333,D#54882,E#343652,B#192538,G#356621,H#52921,J#19522,K#181539,K#1728000,F#1298912
A#0,B#55525,B#395,B#8415,B#11204,G#64429,H#22230,J#247168,C#16494,F#155699
A#0,B#239434,G#4374,D#2089,B#3880,H#80597,C#1152,J#75209,F#19381,B#51012,G#8994,E#22493,H#53981,J#29112,B#258361,G#170752,H#74234,J#12403
A#0,C#35505,B#2901,D#3202,F#16502,B#3281,E#245446,G#79777,H#20490,J#68856,B#429230,G#93434,H#19795,I#53289,J#5389
A#0,B#49143,B#8421,C#11216,B#11499,G#0,D#57388,H#12227,B#75212,I#3220,J#4502,E#168,G#102614,H#249116,J#7808,B#64395,G#106863,H#65445,J#75,K#971068,K#1728000,K#1728000,K#1728000,K#1728000,F#1196862
A#0,C#6615,B#44751,B#2619,G#133237,H#208691,B#6750,F#84267,I#11595,I#67569,G#20715,J#3621,H#83478,J#21847
A#0,B#501,B#243332,B#12984,C#899,D#71110,B#7421,F#10684,D#1990,B#59008,G#6492,H#16046,I#591,E#662,E#2301,J#5994,B#434408,G#51693,H#19,J#85677,B#519830,G#201945,H#61829,J#252198
A#0,B#213442,C#6745,B#12702,B#15393,G#143209,H#21417,J#89264,K#1446015,F#200391
A#0,B#222669,B#3898,C#3796,G#71884,B#15908,H#73246,J#669,B#106507,F#12277,G#53970,H#4707,J#26634
A#0,D#68829,B#3594,C#10724,F#2890,B#12906,G#137577,B#632,H#21991,E#5539,J#58808,G#284058,B#71085,H#9904,J#9704,G#172858,H#1345,J#68532
A#0,B#60170,D#577,B#4588,C#1172,E#14417,F#1241,B#226747,G#53873,B#33945,H#25821,J#62985,B#91074,G#84740,H#12953,I#251208,J#15072
A#0,D#5821,C#18674,B#2769,D#1729,E#59392,E#1883,B#18517,G#245347,H#23161,J#11915,B#307047,F#262530,G#17429,H#144,J#83108
A#0,B#1791,D#5479,C#8487,B#883,B#9328,G#254889,H#58779,B#2096,D#9665,E#6485,B#3705,J#71494,E#9003,B#15980,F#56250,G#9542,H#80870,J#2926,B#1827156,G#267581,H#65794,I#23684,I#70601,I#4284,I#83512,J#80764
A#0,B#5895,C#2426,F#80622,B#23661,G#12138,H#59232,J#247029
A#0,B#66095,D#459,C#822,E#14965,B#66427,F#81321,G#16770,H#12352,J#243163,B#767283,G#97833,H#88096,J#25678
A#0,B#51997,C#652,B#102872,G#77865,B#3249,H#12561,J#70780,G#273630,F#1065,H#69598,I#99971,J#81175
A#0,B#7616,B#10451,C#58133,B#103235,G#2482,H#82758,I#81974,B#248160,F#7307,I#2467,J#4163,G#1817,H#87623,J#145847
A#0,C#51975,F#21671,B#73331,G#245091,H#18155,J#10913
A#0,B#9436,D#97931,E#36630,G#5987,D#9684,B#14617,E#1529,H#59984,C#6860,J#16195,B#18601,G#311522,H#4293,J#9772,B#1277273,K#86744,G#16198,H#67241,F#5950,J#9159
A#0,C#51910,B#1215,B#1059,B#15682,B#64439,D#19159,G#2826,E#59580,H#8617,J#7747,K#1547676,B#189709,G#71932,H#18839,J#5962,F#156560
A#0,B#4187,B#1593,B#62586,C#13433,D#20213,G#74971,H#19395,J#212458,E#609778,F#368337,B#1191536,G#248485,H#4407,J#24841
A#0,B#44880,G#9053,C#17814,B#10582,H#237545,J#3812,B#76016,G#19702,H#1142,J#82890,K#1299911,F#79811
A#0,D#56273,B#21075,G#70853,B#8633,C#315,E#5244,B#1370,H#236691,I#103205,G#35734,H#29156,J#16282,B#7335,J#71992,G#101350,H#234848,I#7181,J#81107,K#796505,F#351831
A#0,B#76462,B#2005,C#71397,G#19845,H#241093,D#375,I#12791,I#1209,E#2159,J#67719,D#13619,E#6836,F#10915,B#571952,G#194412,H#317346,J#193717,B#1970656,G#6147,H#13745,J#796
A#0,B#53813,D#221,C#14816,B#27660,D#47864,B#4646,G#5618,H#794,E#11184,I#12500,B#63719,J#2690,E#22044,G#330275,H#4465,F#63976,J#18647,B#499333,G#190561,H#62720,J#273315,B#962960,G#335538,H#80173,J#7603
A#0,B#10418,B#55017,D#6147,D#2482,C#20831,B#15052,E#49681,G#26699,E#71123,H#2367,J#70078,F#256672,B#606195,G#193789,H#60599,J#18353,B#414714,G#181939,H#8616,J#1838
A#0,D#7414,C#2412,B#76892,E#20973,G#329120,H#77676,J#7172,B#107730,G#23262,H#33881,J#90705,F#435403
A#0,D#207984,C#1018,B#2033,D#2648,B#9067,B#173,B#4324,B#2222,E#78061,B#10952,B#2042,G#31878,H#40000,B#3386,D#2589,E#11075,B#3866,B#58913,J#17944,B#11945,E#327979,G#94025,H#76570,J#95418,B#96324,B#342946,G#61925,H#19675,J#80947,K#239073,F#369382
A#0,C#310691,B#164014,G#79869,B#19363,F#1985,D#84758,H#70,I#3730,I#257018,J#8556,G#63075,H#14787,E#69518,J#5931,B#1204621,G#3124,H#11634,J#74831
A#0,D#73674,C#9312,E#3356,B#69899,B#19544,G#4387,B#15073,H#49939,J#18732,F#334690,G#72485,H#6023,I#13882,J#3980
A#0,C#55052,B#275,B#14227,D#245466,D#13806,E#8151,E#147773,G#1099,H#21695,B#2544,B#81731,I#8168,I#9136,I#49213,J#4754,G#11647,H#9509,I#228109,J#21835,B#245293,G#219750,B#126023,H#10614,J#11610,G#154595,H#14455,J#9546,K#56976,F#1128557
A#0,B#5857,C#3424,D#895,B#5962,B#2649,E#398,B#3075,D#64184,E#6039,G#12850,B#3849,D#2369,H#76145,I#72361,B#10011,J#1505,G#100762,H#320910,J#18181,E#2536,B#237960,G#297901,H#54378,J#1525,K#431555,B#346375,G#97458,H#2433,J#249670,K#1032064,F#794540
A#0,B#76303,C#615,B#70061,G#2899,H#85617,J#8742,B#6564,G#319455,H#4407,J#24841,F#864414
A#0,D#3056,E#10397,B#59567,C#1092,F#4974,G#73083,B#4665,H#29302,J#69790,G#267297,H#59853,J#8103,B#23170,G#93814,H#49647,J#7890
A#0,B#42443,B#22510,G#116206,B#35656,B#578,H#12668,J#244060,C#9933,G#98893,H#66257,J#8289,F#681378
A#0,C#207039,D#23416,E#158398,B#439799,G#175093,H#9290,J#675,F#153706
A#0,B#66,G#4359,C#2225,F#7719,D#2252,H#1479,B#1,J#60571,B#24407,B#4134,B#239294,G#11347,H#6600,I#81433,J#7982,E#244546,B#10318,G#320053,H#9349,J#13367
A#0,B#4213,C#23088,B#61490,G#98171,B#8140,H#59423,F#11100,I#487,J#249080,B#26935,G#67232,H#17381,J#84721
A#0,C#54435,B#18148,F#742,B#12164,G#314000,H#19863,B#65998,I#4014,I#98241,G#5288,H#208,J#3577,J#78
A#0,C#27471,D#809,B#747,G#3786,F#12746,E#3645,H#259157,J#7070,B#76593,G#0,H#80173,J#7603
A#0,C#7474,B#8667,F#12170,D#54356,B#29721,B#234409,G#36808,H#47184,J#19543,E#262327,B#2733208,G#19977,H#80116,J#476
A#0,C#50096,B#10097,G#8664,H#7019,B#77349,J#1082,B#19710,B#53231,G#259344,H#21307,J#59717,K#1210480,F#705537
A#0,B#44570,D#8611,B#11399,B#15379,B#228571,B#80943,B#13333,C#4531,G#5787,H#65717,E#19582,J#65523,B#382736,G#60845,H#5448,J#6904,F#172497
A#0,B#4286,B#841,C#3709,D#5557,E#22872,F#52559,G#29632,H#84694,J#1139,B#595628,G#418143,H#95124,J#77741
A#0,D#66849,D#20381,C#7280,E#56710,B#7446,B#5627,B#326289,F#3122,G#3086,H#91031,J#8252,E#166289,B#614349,G#363250,H#67476,J#73615
A#0,C#226611,B#21428,G#64504,B#17518,D#3118,B#135,F#2590,E#3975,H#61409,J#99670,G#75635,H#2707,I#5812,I#8458,J#239492,B#253217,G#538293,H#80011,I#89977,I#267661,J#66142
A#0,B#18974,C#58747,B#16356,G#17533,D#8683,H#42817,I#11947,J#80278,E#82230,B#285625,G#457512,H#116342,J#26114,F#146482
A#0,B#57828,B#5227,D#80,C#6295,B#5296,E#790,G#5025,H#69126,D#12142,J#77728,B#250227,E#37551,F#2337,G#213286,B#82589,H#271584,G#17007,H#65549,B#3643,J#9269,J#174349,G#7617,H#65926,I#276997,J#63997
A#0,C#56190,D#21681,B#3864,G#167435,H#9984,I#244725,F#86644,I#13775,I#66913,J#79221,E#347586,B#13551,G#85297,H#9053,J#69089
A#0,B#5763,B#55454,C#9343,B#80810,D#13847,G#83115,B#14961,H#1711,I#230050,J#15404,F#11554,G#77192,H#8440,J#58678,E#171929,B#452556,G#101717,H#52162,J#13225
A#0,D#66242,B#254421,B#20027,E#163977,G#13149,B#1342,H#69380,C#4420,J#4305,F#18686,G#318443,H#6847,J#67165
A#0,B#84644,C#10771,G#69604,B#9333,H#9325,J#55708,F#9053,G#346503,H#4720,J#15715
A#0,B#55241,B#25400,B#6516,C#60949,G#400,H#10054,B#3099,D#11221,E#459,B#223671,I#36409,B#54552,G#22266,H#148,J#64206,J#20517,K#1280998,K#1728000,K#1728000,F#108022
A#0,B#4166,C#239984,F#87380,G#28764,H#80509,J#68368
A#0,C#8607,B#6648,B#77828,F#14420,G#1950,H#67241,D#1499,J#13610,B#5896,E#234777,G#32957,H#694,J#138046,B#196435,G#337931,H#90936,J#4040
A#0,B#1424,C#26825,G#80347,B#5680,H#70483,D#7363,J#91365,E#5856,G#249606,H#90695,J#1690,B#842857,G#265303,F#6294,H#87358,J#94829
A#0,B#79417,G#11773,H#10928,B#231619,J#1698,C#6177,G#169945,H#16115,J#5336,K#1536604,F#94025
A#0,B#36733,C#4000,B#2841,D#110943,E#235227,G#8085,H#23996,J#53027,D#20730,E#605,B#83633,B#3101,B#173927,G#251475,H#73527,I#6924,J#74285,F#208825
A#0,D#186100,B#5486,D#690,E#8326,C#10388,B#64140,E#4455,D#9553,G#18864,H#67476,E#17082,J#56533,D#354,E#341687,B#358897,B#245100,G#115250,H#82784,J#69181,B#75937,B#5990,K#194717,G#83646,H#80405,J#9391,K#1554558,F#1374984
A#0,C#10378,D#245915,F#11606,B#6046,B#69568,G#9216,B#4958,B#3055,E#5587,H#255,J#510,G#224593,H#22230,J#247168,B#965097,G#343837,H#4263,J#76489
A#0,B#37402,C#5572,G#19782,B#2989,H#61558,J#4013,B#19277,D#247537,G#89160,H#65661,J#21056,E#6775,B#162067,F#4151,G#336561,H#14565,J#87974
A#0,B#56547,C#21638,G#153204,H#89978,D#248659,J#23709,E#78690,B#245747,B#15815,G#6940,H#18498,J#242638,F#1279678,B#166246,G#82276,H#14205,J#5349
A#0,B#30856,G#15943,C#2469,H#64772,J#15109,B#347975,B#67846,F#112573,G#3032,H#61829,J#252198
A#0,B#620,D#983,B#940,B#1639,E#1791,B#63833,B#334,B#8982,B#10706,G#59778,H#6963,I#11026,B#7009,I#62923,C#4630,J#3772,F#80311,G#134302,H#124010,J#8676,B#95638,G#73115,H#94013,J#92904
A#0,C#50313,F#5506,B#51,B#13056,B#66523,D#5643,G#280516,H#85,B#1699,E#60570,B#7351,D#8909,B#3635,J#4030,E#58741,G#28044,H#77853,J#6068,B#518174,G#85272,H#12721,J#50532
A#0,D#67159,B#32422,C#71112,B#8558,E#230441,B#21303,B#4432,G#56642,H#21524,B#87021,J#6003,G#62173,H#19488,J#62286,F#22886
A#0,C#253,B#62624,B#6317,F#5596,B#6071,B#5749,D#21537,G#63987,H#248138,J#10324,E#80283,B#511709,G#163655,H#87172,I#7783,J#19981
A#0,B#1335,B#4480,C#5133,D#69155,F#10302,G#100668,H#53506,J#4917,E#282272,B#155625,G#305605,H#115982,J#13828,B#981407,G#232951,H#3896,J#4610
A#0,B#22914,C#247746,B#162150,G#51361,H#37257,J#79976,F#469046
A#0,B#1473,G#0,H#6600,B#2474,B#3105,B#1423,I#74431,J#7982,C#4460,G#80621,H#60837,I#4876,J#17486,F#411619
A#0,C#11581,B#249936,B#17114,B#58711,B#114422,G#101927,H#304625,J#5369,D#12093,F#81054,E#13287,B#79397,G#4440899,H#312408,J#83
A#0,B#4257,C#58026,G#22732,H#7948,J#59910,B#7765,B#9742,G#119877,H#293107,J#28486,K#1178433,F#716676
A#0,C#59815,B#338753,B#11274,G#98900,H#66257,J#8289,F#80897
A#0,B#11895,C#68462,B#4805,G#6270,B#72091,H#17028,J#67158,G#16856,H#247250,J#4389,F#163034
A#0,C#4475,B#47967,D#17527,B#155006,D#10057,G#19808,B#52144,H#14906,J#5895,E#1973,E#181,F#246496,B#34253,G#71149,H#63182,I#79505,J#15031,B#2351548,G#415726,H#82707,J#11284
A#0,B#45945,C#1683,B#16691,B#66674,B#3889,G#85441,H#87960,I#24921,J#254462,K#1187962,F#1319021
A#0,B#14404,B#46644,C#3724,B#914,B#14038,B#5821,D#3203,G#2222,E#58983,B#6765,H#19906,J#5118,G#162951,H#323097,J#86532,B#114516,G#92496,H#231112,J#15289,K#585037,F#107499
A#0,B#242033,D#20018,C#1173,B#1155,B#70192,G#83977,H#18658,J#55708,E#12296,B#346150,G#184646,H#577,J#6062,K#948579,F#754687
A#0,B#43011,C#2417,G#20691,D#67580,B#212,H#25561,J#985,E#15796,F#58357,B#760,G#266272,H#141364,J#11866,B#625983,G#71752,H#12644,J#62890
A#0,C#75175,F#11455,D#4158,E#338936,B#173593,G#413321,H#12451,J#78022
A#0,B#16302,C#3426,B#5760,B#146882,B#1490,G#15204,B#9498,H#62254,J#81564,G#257871,H#8623,J#12695,K#1126159,F#318518
A#0,B#82822,G#4269,H#5107,J#8258,B#6253,D#159098,C#20280,G#58280,H#264599,E#5475,J#15146,B#322345,G#359664,H#14143,J#81827,K#606521,K#1728000,F#757428
